-16.099339957496415, 1.0202594170585874e+41
-14.77999999999988, 3.847174162705365e+41
-14.749999999999876, 3.847174162705365e+41
-14.719999999999878, 3.847174162705365e+41
-14.68999999999988, 3.847174162705365e+41
-14.65999999999988, 4.1632313437783485e+41
-14.629999999999882, 4.1632313437783485e+41
-14.599999999999884, 4.1632313437783485e+41
-14.569999999999887, 4.42661232800579e+41
-14.539999999999885, 4.42661232800579e+41
-14.509999999999884, 4.42661232800579e+41
-14.479999999999887, 4.42661232800579e+41
-14.449999999999886, 4.742669509078739e+41
-14.419999999999881, 4.742669509078739e+41
-14.389999999999883, 4.742669509078739e+41
-14.35999999999989, 5.111402886997195e+41
-14.329999999999892, 5.111402886997195e+41
-14.299999999999887, 5.111402886997195e+41
-14.26999999999989, 5.111402886997195e+41
-14.239999999999888, 5.48013626491561e+41
-14.20999999999989, 5.48013626491561e+41
-14.17999999999989, 5.48013626491561e+41
-14.149999999999892, 5.638164855452134e+41
-14.11999999999989, 5.796193445988549e+41
-14.089999999999893, 5.796193445988549e+41
-14.059999999999892, 5.796193445988549e+41
-14.029999999999895, 6.112250627061511e+41
-13.9999999999999, 6.112250627061511e+41
-13.9699999999999, 6.112250627061511e+41
-13.939999999999898, 6.112250627061511e+41
-13.909999999999897, 6.4809840049799484e+41
-13.8799999999999, 6.4809840049799484e+41
-13.849999999999898, 6.4809840049799484e+41
-13.819999999999897, 6.849717382898352e+41
-13.7899999999999, 6.849717382898352e+41
-13.759999999999902, 6.849717382898352e+41
-13.729999999999901, 6.849717382898352e+41
-13.6999999999999, 7.165774563971316e+41
-13.669999999999902, 7.165774563971316e+41
-13.639999999999905, 7.165774563971316e+41
-13.609999999999904, 7.481831745044273e+41
-13.579999999999902, 7.481831745044273e+41
-13.549999999999908, 7.481831745044395e+41
-13.51999999999991, 7.481831745044395e+41
-13.489999999999906, 7.850565122962788e+41
-13.459999999999905, 7.850565122962788e+41
-13.429999999999907, 7.850565122962788e+41
-13.399999999999913, 8.00859371349928e+41
-13.369999999999912, 8.21929850088115e+41
-13.339999999999907, 8.21929850088115e+41
-13.30999999999991, 8.166622304035684e+41
-13.279999999999912, 8.535355681954099e+41
-13.249999999999911, 8.535355681954099e+41
-13.21999999999991, 8.535355681954099e+41
-13.189999999999912, 8.535355681954099e+41
-13.159999999999915, 8.956765256718107e+41
-13.129999999999914, 8.956765256718107e+41
-13.099999999999913, 8.956765256718107e+41
-13.069999999999919, 9.325498634636563e+41
-13.039999999999917, 9.325498634636563e+41
-13.009999999999916, 9.325498634636563e+41
-12.979999999999915, 9.325498634636563e+41
-12.949999999999918, 9.694232012554964e+41
-12.919999999999924, 9.694232012554964e+41
-12.889999999999919, 9.694232012554964e+41
-12.859999999999918, 1.0010289193627761e+42
-12.82999999999992, 1.0010289193627761e+42
-12.799999999999926, 1.0010289193627761e+42
-12.769999999999921, 1.0010289193627761e+42
-12.73999999999992, 1.037902257154626e+42
-12.70999999999992, 1.037902257154626e+42
-12.679999999999925, 1.037902257154626e+42
-12.649999999999928, 1.0695079752619363e+42
-12.619999999999923, 1.0695079752619363e+42
-12.589999999999925, 1.0695079752619363e+42
-12.559999999999931, 1.0695079752619363e+42
-12.529999999999927, 1.1063813130537827e+42
-12.499999999999929, 1.1063813130537827e+42
-12.469999999999928, 1.1063813130537827e+42
-12.439999999999934, 1.1221841721074142e+42
-12.409999999999933, 1.1432546508456167e+42
-12.379999999999932, 1.1432546508456167e+42
-12.34999999999993, 1.1432546508456167e+42
-12.319999999999936, 1.1801279886374697e+42
-12.289999999999935, 1.1801279886374697e+42
-12.259999999999934, 1.1801279886374697e+42
-12.229999999999933, 1.1801279886374697e+42
-12.199999999999939, 1.217001326429298e+42
-12.169999999999938, 1.217001326429298e+42
-12.139999999999933, 1.217001326429298e+42
-12.109999999999939, 1.2591422839057043e+42
-12.079999999999938, 1.2591422839057043e+42
-12.049999999999937, 1.2591422839057043e+42
-12.019999999999936, 1.2591422839057043e+42
-11.989999999999938, 1.2960156216975493e+42
-11.959999999999944, 1.2960156216975493e+42
-11.929999999999943, 1.2960156216975493e+42
-11.899999999999938, 1.332888959489385e+42
-11.86999999999994, 1.332888959489385e+42
-11.839999999999943, 1.332888959489385e+42
-11.809999999999942, 1.332888959489385e+42
-11.77999999999994, 1.3697622972812186e+42
-11.749999999999943, 1.3697622972812186e+42
-11.71999999999995, 1.3697622972812186e+42
-11.689999999999948, 1.4066356350730783e+42
-11.659999999999943, 1.4066356350730783e+42
-11.629999999999946, 1.4066356350730783e+42
-11.599999999999952, 1.4066356350730783e+42
-11.569999999999947, 1.4487765925494802e+42
-11.539999999999946, 1.4487765925494802e+42
-11.509999999999948, 1.4487765925494802e+42
-11.47999999999995, 1.4698470712876665e+42
-11.44999999999995, 1.4856499303413102e+42
-11.419999999999948, 1.4856499303413102e+42
-11.38999999999995, 1.4856499303413102e+42
-11.359999999999953, 1.5277908878177115e+42
-11.329999999999952, 1.5277908878177115e+42
-11.299999999999951, 1.5277908878177115e+42
-11.269999999999953, 1.5277908878177115e+42
-11.239999999999956, 1.5646642256095353e+42
-11.209999999999955, 1.5646642256095353e+42
-11.179999999999954, 1.5646642256095353e+42
-11.149999999999956, 1.6068051830859394e+42
-11.119999999999962, 1.6068051830859394e+42
-11.089999999999957, 1.6068051830859394e+42
-11.059999999999956, 1.6068051830859394e+42
-11.029999999999959, 1.6436785208778e+42
-10.999999999999961, 1.6436785208778e+42
-10.96999999999996, 1.6436785208778e+42
-10.939999999999959, 1.6910870980387526e+42
-10.909999999999961, 1.6910870980387526e+42
-10.879999999999967, 1.6910870980387526e+42
-10.849999999999962, 1.6910870980387526e+42
-10.819999999999958, 1.727960435830573e+42
-10.789999999999964, 1.727960435830573e+42
-10.759999999999966, 1.727960435830573e+42
-10.729999999999965, 1.780636632676064e+42
-10.699999999999964, 1.780636632676064e+42
-10.66999999999997, 1.780636632676064e+42
-10.639999999999969, 1.780636632676064e+42
-10.609999999999967, 1.822777590152452e+42
-10.579999999999966, 1.822777590152452e+42
-10.549999999999972, 1.822777590152452e+42
-10.519999999999971, 1.8596509279443232e+42
-10.489999999999974, 1.8596509279443232e+42
-10.459999999999972, 1.8596509279443232e+42
-10.429999999999971, 1.8596509279443232e+42
-10.399999999999974, 1.9017918854207168e+42
-10.369999999999973, 1.9017918854207168e+42
-10.339999999999968, 1.9017918854207168e+42
-10.309999999999977, 1.922862364158906e+42
-10.27999999999998, 1.943932842897097e+42
-10.249999999999979, 1.943932842897097e+42
-10.219999999999974, 1.943932842897097e+42
-10.18999999999998, 1.9860738003734647e+42
-10.159999999999982, 1.9860738003734647e+42
-10.129999999999981, 1.9860738003734647e+42
-10.099999999999977, 1.9860738003734647e+42
-10.069999999999983, 2.033482377534423e+42
-10.039999999999985, 2.033482377534423e+42
-10.009999999999984, 2.033482377534423e+42
-9.979999999999979, 2.075623335010813e+42
-9.949999999999985, 2.075623335010813e+42
-9.919999999999984, 2.075623335010813e+42
-9.889999999999983, 2.075623335010813e+42
-9.859999999999985, 2.1282995318563102e+42
-9.829999999999984, 2.1282995318563102e+42
-9.799999999999986, 2.1282995318563102e+42
-9.769999999999989, 2.175708109017248e+42
-9.739999999999984, 2.1757081090172835e+42
-9.709999999999987, 2.1757081090172835e+42
-9.679999999999989, 2.1757081090172835e+42
-9.649999999999988, 2.2231166861782218e+42
-9.619999999999987, 2.2231166861782218e+42
-9.58999999999999, 2.2231166861782218e+42
-9.559999999999995, 2.2757928830236896e+42
-9.529999999999994, 2.2757928830236896e+42
-9.499999999999993, 2.2757928830236896e+42
-9.469999999999995, 2.2757928830236896e+42
-9.439999999999998, 2.3232014601846155e+42
-9.409999999999997, 2.3232014601846155e+42
-9.379999999999992, 2.3232014601846155e+42
-9.349999999999998, 2.3653424176610113e+42
-9.32, 2.3653424176610113e+42
-9.289999999999996, 2.3653424176610113e+42
-9.259999999999994, 2.3653424176610113e+42
-9.229999999999997, 2.4180186145064797e+42
-9.2, 2.4180186145064797e+42
-9.169999999999998, 2.4180186145064797e+42
-9.139999999999993, 2.4443567129292624e+42
-9.110000000000003, 2.475962431036538e+42
-9.080000000000002, 2.475962431036538e+42
-9.05, 2.475962431036538e+42
-9.02, 2.5181033885129527e+42
-8.990000000000006, 2.5181033885129527e+42
-8.960000000000008, 2.5181033885129527e+42
-8.930000000000003, 2.5181033885129527e+42
-8.900000000000002, 2.5760472050429866e+42
-8.870000000000005, 2.5760472050429866e+42
-8.840000000000007, 2.5760472050429866e+42
-8.810000000000006, 2.628723401888453e+42
-8.780000000000005, 2.628723401888453e+42
-8.75000000000001, 2.628723401888453e+42
-8.720000000000017, 2.628723401888453e+42
-8.690000000000008, 2.681399598733991e+42
-8.660000000000007, 2.681399598733991e+42
-8.630000000000006, 2.681399598733991e+42
-8.600000000000012, 2.739343415264029e+42
-8.570000000000011, 2.739343415264029e+42
-8.540000000000006, 2.739343415264029e+42
-8.510000000000012, 2.739343415264029e+42
-8.480000000000018, 2.7920196121095125e+42
-8.450000000000017, 2.7920196121095125e+42
-8.42000000000002, 2.7920196121095125e+42
-8.390000000000011, 2.839428189270478e+42
-8.360000000000017, 2.839428189270478e+42
-8.330000000000016, 2.839428189270478e+42
-8.300000000000011, 2.839428189270478e+42
-8.270000000000017, 2.902639625485062e+42
-8.240000000000023, 2.902639625485062e+42
-8.210000000000022, 2.902639625485062e+42
-8.180000000000021, 2.960583442015107e+42
-8.150000000000023, 2.960583442015107e+42
-8.120000000000022, 2.960583442015107e+42
-8.090000000000021, 2.960583442015107e+42
-8.06000000000002, 3.0132596388605965e+42
-8.030000000000026, 3.0132596388605965e+42
-8.000000000000028, 3.0132596388605965e+42
-7.970000000000031, 3.044865356967834e+42
-7.940000000000023, 3.065935835706092e+42
-7.9100000000000215, 3.065935835706092e+42
-7.88000000000002, 3.065935835706092e+42
-7.850000000000023, 3.102809173497931e+42
-7.820000000000025, 3.0975415538133954e+42
-7.790000000000024, 3.0975415538133954e+42
-7.760000000000023, 3.0975415538133954e+42
-7.730000000000018, 3.113344412866988e+42
-7.700000000000024, 3.113344412866988e+42
-7.670000000000023, 3.113344412866988e+42
-7.520000000000021, 3.297711101826255e+42
-7.49000000000002, 3.297711101826255e+42
-7.460000000000019, 3.297711101826255e+42
-7.430000000000014, 3.3240492002489826e+42
-7.400000000000016, 3.3240492002489826e+42
-7.370000000000015, 3.3240492002489826e+42
-7.340000000000014, 3.3240492002489826e+42
-7.3100000000000165, 3.355654918356244e+42
-7.2800000000000225, 3.355654918356244e+42
-7.250000000000021, 3.355654918356299e+42
-7.220000000000017, 3.381993016779001e+42
-7.1900000000000155, 3.381993016779001e+42
-7.160000000000011, 3.381993016779001e+42
-7.130000000000017, 3.381993016779001e+42
-7.100000000000016, 3.524218748261827e+42
-7.0700000000000145, 3.524218748261827e+42
-7.040000000000017, 3.524218748261827e+42
-7.010000000000019, 3.655909240375599e+42
-6.980000000000018, 3.655909240375599e+42
-6.950000000000017, 3.655909240375599e+42
-6.920000000000012, 3.655909240375599e+42
-6.890000000000022, 3.719120676590176e+42
-6.860000000000017, 3.719120676590176e+42
-6.830000000000016, 3.719120676590176e+42
-6.8000000000000185, 3.7665292537511004e+42
-6.770000000000014, 3.7665292537511004e+42
-6.740000000000016, 3.7665292537511004e+42
-6.710000000000015, 3.7665292537511004e+42
-6.680000000000014, 3.8192054505965927e+42
-6.650000000000016, 3.8192054505965927e+42
-6.620000000000012, 3.8192054505965927e+42
-6.5900000000000105, 3.8192054505965927e+42
-6.5600000000000165, 3.8455435490193286e+42
-6.530000000000015, 3.8455435490193286e+42
-6.500000000000014, 3.8455435490193286e+42
-6.470000000000013, 3.89295212618031e+42
-6.440000000000008, 3.89295212618031e+42
-6.410000000000014, 3.89295212618031e+42
-6.380000000000013, 3.89295212618031e+42
-6.350000000000012, 3.9298254639721604e+42
-6.320000000000011, 3.9298254639721604e+42
-6.29000000000001, 3.9298254639721604e+42
-6.260000000000012, 3.977234041133106e+42
-6.230000000000011, 3.977234041133106e+42
-6.20000000000001, 3.977234041133106e+42
-6.170000000000012, 3.977234041133106e+42
-6.140000000000008, 4.035177857663104e+42
-6.11000000000001, 4.035177857663104e+42
-6.080000000000005, 4.035177857663104e+42
-6.050000000000011, 4.0983892938776833e+42
-6.020000000000007, 4.0983892938776833e+42
-5.9900000000000055, 4.0983892938776833e+42
-5.9600000000000115, 4.0983892938776833e+42
-5.930000000000007, 4.140530251354058e+42
-5.900000000000006, 4.140530251354058e+42
-5.8700000000000045, 4.140530251354058e+42
-5.8400000000000105, 4.1721359694613526e+42
-5.810000000000009, 4.166868349776779e+42
-5.780000000000005, 4.166868349776779e+42
-5.7500000000000036, 4.166868349776779e+42
-5.720000000000002, 4.1721359694613526e+42
-5.690000000000008, 4.1721359694613526e+42
-5.660000000000007, 4.1721359694613526e+42
-5.630000000000006, 4.203741687568678e+42
-5.6000000000000085, 4.203741687568678e+42
-5.570000000000007, 4.203741687568678e+42
-5.540000000000006, 4.203741687568678e+42
-5.510000000000002, 4.4197140946352115e+42
-5.48, 4.4197140946352115e+42
-5.450000000000006, 4.4197140946352115e+42
-5.420000000000005, 4.4039112355815136e+42
-5.390000000000004, 4.4039112355815136e+42
-5.3600000000000065, 4.4039112355815136e+42
-5.330000000000005, 4.4039112355815136e+42
-5.300000000000001, 4.451319812742496e+42
-5.270000000000003, 4.451319812742496e+42
-5.240000000000002, 4.451319812742496e+42
-5.210000000000004, 4.451319812742496e+42
-5.180000000000003, 4.4829255308498056e+42
-5.150000000000002, 4.4829255308498056e+42
-5.120000000000001, 4.4829255308498056e+42
-5.090000000000003, 4.556672206433475e+42
-5.060000000000002, 4.556672206433475e+42
-5.030000000000001, 4.556672206433475e+42
-5, 4.556672206433475e+42
-4.970000000000006, 4.6040807835944546e+42
-4.940000000000005, 4.6040807835944546e+42
-4.910000000000004, 4.6040807835944546e+42
-4.8799999999999955, 4.619883642648021e+42
-4.849999999999994, 4.619883642648021e+42
-4.82, 4.619883642648021e+42
-4.789999999999996, 4.619883642648021e+42
-4.7599999999999945, 4.651489360755353e+42
-4.729999999999993, 4.651489360755353e+42
-4.699999999999992, 4.651489360755353e+42
-4.670000000000002, 4.75684175444641e+42
-4.639999999999997, 4.75684175444641e+42
-4.609999999999996, 4.75684175444641e+42
-4.579999999999995, 4.75684175444641e+42
-4.549999999999994, 4.862194148137343e+42
-4.519999999999996, 4.862194148137343e+42
-4.489999999999991, 4.862194148137343e+42
-4.459999999999994, 4.8253208103454897e+42
-4.429999999999993, 4.8253208103454897e+42
-4.399999999999999, 4.8253208103454897e+42
-4.369999999999997, 4.8253208103454897e+42
-4.339999999999996, 4.8253208103454897e+42
-4.309999999999992, 4.8253208103454897e+42
-4.2799999999999905, 4.8253208103454897e+42
-4.129999999999992, 5.099237033942034e+42
-4.099999999999994, 5.099237033942034e+42
-4.069999999999993, 5.099237033942034e+42
-4.039999999999992, 5.1150398929956784e+42
-4.0099999999999945, 5.1150398929956784e+42
-3.9799999999999898, 5.1150398929956784e+42
-3.9499999999999957, 5.1150398929956784e+42
-3.9199999999999946, 5.1361103717338213e+42
-3.8899999999999935, 5.1361103717338213e+42
-3.8599999999999923, 5.1361103717338213e+42
-3.8299999999999983, 5.1361103717338213e+42
-3.799999999999997, 5.157180850472045e+42
-3.769999999999989, 5.157180850472045e+42
-3.739999999999988, 5.157180850472045e+42
-3.7099999999999866, 5.188786568579344e+42
-3.6799999999999997, 5.188786568579344e+42
-3.6499999999999986, 5.188786568579344e+42
-3.6199999999999974, 5.188786568579344e+42
-3.5899999999999963, 5.230927526055789e+42
-3.559999999999995, 5.230927526055789e+42
-3.529999999999994, 5.230927526055789e+42
-3.5, 5.267800863847631e+42
-3.469999999999999, 5.267800863847631e+42
-3.440000000000005, 5.267800863847631e+42
-3.4100000000000037, 5.267800863847631e+42
-3.3799999999999955, 5.267800863847631e+42
-3.3500000000000014, 5.267800863847631e+42
-3.3200000000000003, 5.267800863847631e+42
-2.9599999999999937, 5.5469847071287073e+42
-2.9299999999999926, 5.5469847071287073e+42
-2.8999999999999986, 5.5469847071287073e+42
-2.8700000000000045, 5.5048437496523497e+42
-2.8400000000000034, 5.5048437496523497e+42
-2.809999999999995, 5.5048437496523497e+42
-2.780000000000001, 5.5048437496523497e+42
-2.749999999999993, 5.5206466087059776e+42
-2.719999999999999, 5.5206466087059776e+42
-2.6899999999999977, 5.5206466087059776e+42
-2.6600000000000037, 5.5417170874442053e+42
-2.6300000000000097, 5.5417170874442053e+42
-2.6000000000000014, 5.5417170874442053e+42
-2.5700000000000074, 5.5417170874442053e+42
-2.539999999999999, 5.583858044920567e+42
-2.509999999999998, 5.583858044920567e+42
-2.480000000000004, 5.583858044920567e+42
-2.450000000000003, 5.604928523658768e+42
-2.4199999999999946, 5.604928523658768e+42
-2.3900000000000006, 5.604928523658768e+42
-2.3600000000000065, 5.604928523658768e+42
-2.3300000000000054, 5.647069481135126e+42
-2.3000000000000043, 5.647069481135126e+42
-2.270000000000003, 5.647069481135126e+42
-2.240000000000002, 5.647069481135126e+42
-2.210000000000001, 5.668139959873411e+42
-2.180000000000007, 5.668139959873411e+42
-2.1499999999999986, 5.668139959873411e+42
-2.1200000000000117, 5.683942818926929e+42
-2.0900000000000034, 5.683942818926929e+42
-2.0600000000000165, 5.683942818926929e+42
-2.0300000000000082, 5.683942818926929e+42
-2, 5.726083776403376e+42
-1.9699999999999989, 5.726083776403376e+42
-1.9399999999999977, 5.726083776403376e+42
-1.9099999999999966, 5.726083776403376e+42
-1.8800000000000097, 5.726083776403376e+42
-1.8500000000000085, 5.726083776403376e+42
-1.8200000000000003, 5.726083776403376e+42
-1.7900000000000134, 5.76822473387976e+42
-1.7600000000000051, 5.76822473387976e+42
-1.730000000000004, 5.76822473387976e+42
-1.7000000000000028, 5.76822473387976e+42
-1.6700000000000088, 5.76822473387976e+42
-1.6400000000000077, 5.76822473387976e+42
-1.6100000000000136, 5.76822473387976e+42
-1.5800000000000125, 5.810365691356241e+42
-1.5500000000000043, 5.810365691356241e+42
-1.5200000000000102, 5.810365691356241e+42
-1.490000000000009, 5.810365691356241e+42
-1.460000000000008, 5.810365691356241e+42
-1.4300000000000068, 5.810365691356241e+42
-1.4000000000000057, 5.810365691356241e+42
-1.3700000000000045, 5.852506648832629e+42
-1.3400000000000034, 5.852506648832629e+42
-1.3100000000000094, 5.852506648832629e+42
-1.2800000000000082, 5.852506648832629e+42
-1.250000000000007, 5.852506648832629e+42
-1.220000000000006, 5.852506648832629e+42
-1.1900000000000048, 5.852506648832629e+42
-1.1600000000000037, 5.894647606308887e+42
-1.1299999999999955, 5.894647606308887e+42
-1.1000000000000085, 5.894647606308887e+42
-1.0700000000000074, 5.894647606308887e+42
-1.0400000000000134, 5.894647606308887e+42
-1.0100000000000051, 5.894647606308887e+42
-0.980000000000004, 5.894647606308887e+42
-0.9500000000000028, 5.915718085047176e+42
-0.9200000000000088, 5.915718085047176e+42
-0.8900000000000077, 5.915718085047176e+42
-0.8600000000000065, 5.926253324416257e+42
-0.8299999999999983, 5.926253324416257e+42
-0.8000000000000043, 5.926253324416257e+42
-0.7700000000000031, 5.926253324416257e+42
-0.7400000000000091, 5.926253324416257e+42
-0.710000000000008, 5.926253324416257e+42
-0.6800000000000068, 5.926253324416257e+42
-0.6500000000000057, 5.926253324416257e+42
-0.6200000000000045, 5.926253324416257e+42
-0.5900000000000034, 5.926253324416257e+42
-0.5600000000000023, 5.926253324416257e+42
-0.5300000000000082, 5.947323803154474e+42
-0.5000000000000071, 5.947323803154474e+42
-0.47000000000000597, 5.947323803154474e+42
-0.44000000000000483, 5.947323803154474e+42
-0.4100000000000037, 5.947323803154474e+42
-0.37999999999999545, 5.947323803154474e+42
-0.3500000000000085, 5.947323803154474e+42
-0.3200000000000003, 5.947323803154474e+42
-0.29000000000000625, 5.947323803154474e+42
-0.259999999999998, 5.947323803154474e+42
-0.23000000000000398, 5.947323803154474e+42
-0.20000000000000284, 5.947323803154474e+42
-0.1700000000000017, 5.947323803154474e+42
-0.14000000000000767, 5.947323803154474e+42
-0.11000000000000654, 5.947323803154474e+42
-0.0799999999999983, 5.947323803154474e+42
-0.05000000000000426, 5.947323803154474e+42
-0.01999999999999602, 5.947323803154474e+42
0.010000000000005116, 5.968394281892684e+42
0.039999999999984936, 5.968394281892684e+42
0.06999999999999318, 5.968394281892684e+42
0.09999999999999432, 5.968394281892684e+42
0.12999999999999545, 5.968394281892684e+42
0.1599999999999966, 5.968394281892684e+42
0.18999999999999773, 5.968394281892684e+42
0.21999999999999176, 5.968394281892684e+42
0.25, 5.968394281892684e+42
0.27999999999999403, 5.968394281892684e+42
0.30999999999999517, 5.968394281892684e+42
0.3399999999999892, 5.968394281892684e+42
0.36999999999999744, 5.968394281892684e+42
0.3999999999999986, 5.968394281892684e+42
0.4299999999999926, 5.968394281892684e+42
0.45999999999999375, 5.968394281892684e+42
0.4899999999999949, 5.968394281892684e+42
0.519999999999996, 5.968394281892684e+42
0.5500000000000043, 5.968394281892684e+42
0.5799999999999983, 5.968394281892684e+42
0.6099999999999923, 5.968394281892684e+42
0.6399999999999935, 5.947323803154474e+42
0.6699999999999946, 5.947323803154474e+42
0.6999999999999957, 5.947323803154474e+42
0.730000000000004, 5.947323803154474e+42
0.759999999999998, 5.947323803154474e+42
0.7899999999999991, 5.947323803154474e+42
0.8199999999999932, 5.947323803154474e+42
0.8499999999999943, 5.947323803154474e+42
0.8799999999999955, 5.947323803154474e+42
0.9099999999999966, 5.947323803154474e+42
0.9399999999999977, 5.947323803154474e+42
0.9699999999999989, 5.947323803154474e+42
0.9999999999999929, 5.947323803154474e+42
1.0300000000000011, 5.947323803154474e+42
1.0599999999999952, 5.947323803154474e+42
1.0900000000000034, 5.947323803154474e+42
1.1199999999999974, 5.947323803154474e+42
1.1499999999999986, 5.947323803154474e+42
1.1799999999999926, 5.947323803154474e+42
1.2099999999999937, 5.947323803154474e+42
1.2399999999999949, 5.947323803154474e+42
1.269999999999996, 5.926253324416257e+42
1.2999999999999972, 5.926253324416257e+42
1.3299999999999983, 5.926253324416257e+42
1.3599999999999994, 5.926253324416257e+42
1.3899999999999935, 5.926253324416257e+42
1.4199999999999946, 5.926253324416257e+42
1.4499999999999886, 5.926253324416257e+42
1.4799999999999969, 5.894647606308887e+42
1.509999999999998, 5.894647606308887e+42
1.5399999999999991, 5.894647606308887e+42
1.5699999999999932, 5.894647606308887e+42
1.5999999999999943, 5.894647606308887e+42
1.6300000000000026, 5.894647606308887e+42
1.6599999999999966, 5.894647606308887e+42
1.6899999999999906, 5.852506648832629e+42
1.7199999999999989, 5.852506648832629e+42
1.749999999999993, 5.852506648832629e+42
1.779999999999994, 5.852506648832629e+42
1.8099999999999952, 5.852506648832629e+42
1.8399999999999963, 5.852506648832629e+42
1.8699999999999974, 5.852506648832629e+42
1.8999999999999986, 5.810365691356241e+42
1.9299999999999997, 5.810365691356241e+42
1.9599999999999937, 5.810365691356241e+42
1.9899999999999878, 5.810365691356241e+42
2.019999999999989, 5.810365691356241e+42
2.049999999999997, 5.810365691356241e+42
2.079999999999991, 5.810365691356241e+42
2.1099999999999923, 5.76822473387976e+42
2.1399999999999935, 5.76822473387976e+42
2.1699999999999946, 5.76822473387976e+42
2.1999999999999957, 5.76822473387976e+42
2.229999999999997, 5.74715425514158e+42
2.259999999999991, 5.74715425514158e+42
2.289999999999992, 5.74715425514158e+42
2.319999999999993, 5.726083776403376e+42
2.3500000000000014, 5.726083776403376e+42
2.3799999999999955, 5.726083776403376e+42
2.4100000000000037, 5.726083776403376e+42
2.4399999999999977, 5.705013297665187e+42
2.4699999999999847, 5.705013297665187e+42
2.499999999999993, 5.705013297665187e+42
2.529999999999994, 5.683942818926929e+42
2.559999999999995, 5.683942818926929e+42
2.589999999999989, 5.683942818926929e+42
2.6199999999999903, 5.683942818926929e+42
2.6499999999999915, 5.641801861450619e+42
2.6799999999999926, 5.641801861450619e+42
2.7099999999999937, 5.641801861450619e+42
2.740000000000002, 5.620731382712377e+42
2.769999999999989, 5.620731382712377e+42
2.79999999999999, 5.620731382712377e+42
2.829999999999991, 5.620731382712377e+42
2.8599999999999923, 5.599660903974203e+42
2.8899999999999935, 5.599660903974203e+42
2.9199999999999875, 5.599660903974203e+42
2.9499999999999886, 5.557519946497873e+42
2.9799999999999898, 5.557519946497873e+42
3.009999999999984, 5.557519946497873e+42
3.039999999999985, 5.557519946497873e+42
3.069999999999993, 5.5206466087059776e+42
3.099999999999987, 5.5206466087059776e+42
3.1299999999999883, 5.5206466087059776e+42
3.1599999999999966, 5.5206466087059776e+42
3.1899999999999977, 5.47850565122959e+42
3.2199999999999918, 5.47850565122959e+42
3.249999999999986, 5.47850565122959e+42
3.279999999999987, 5.47850565122959e+42
3.309999999999988, 5.47850565122959e+42
3.339999999999989, 5.47850565122959e+42
3.3699999999999903, 5.47850565122959e+42
3.3999999999999844, 5.4574351724913866e+42
3.4299999999999855, 5.4574351724913866e+42
3.4599999999999866, 5.4574351724913866e+42
3.489999999999988, 5.4152942150150116e+42
3.519999999999989, 5.4152942150150116e+42
3.549999999999976, 5.4152942150150116e+42
3.579999999999984, 5.4152942150150116e+42
3.609999999999985, 5.3784208772231417e+42
3.6399999999999864, 5.3784208772231417e+42
3.6699999999999875, 5.3784208772231417e+42
3.6999999999999886, 5.341547539431302e+42
3.7299999999999827, 5.341547539431302e+42
3.759999999999984, 5.341547539431302e+42
3.789999999999978, 5.341547539431302e+42
3.819999999999986, 5.299406581954905e+42
3.849999999999987, 5.299406581954905e+42
3.8799999999999812, 5.299406581954905e+42
3.9099999999999824, 5.262533244163098e+42
3.9399999999999835, 5.262533244163098e+42
3.9699999999999847, 5.262533244163098e+42
3.999999999999986, 5.262533244163098e+42
4.029999999999994, 5.220392286686661e+42
4.059999999999974, 5.220392286686661e+42
4.089999999999982, 5.220392286686661e+42
4.119999999999983, 5.204589427633039e+42
4.149999999999984, 5.204589427633039e+42
4.1799999999999855, 5.204589427633039e+42
4.209999999999987, 5.204589427633039e+42
4.239999999999988, 5.167716089841241e+42
4.269999999999989, 5.167716089841241e+42
4.299999999999976, 5.167716089841241e+42
4.329999999999977, 5.146645611103005e+42
4.359999999999978, 5.146645611103005e+42
4.389999999999986, 5.146645611103005e+42
4.41999999999998, 5.146645611103005e+42
4.449999999999989, 5.109772273311159e+42
4.47999999999999, 5.109772273311159e+42
4.509999999999991, 5.109772273311159e+42
4.539999999999992, 5.0728989355192316e+42
4.569999999999986, 5.0728989355192316e+42
4.599999999999994, 5.0728989355192316e+42
4.629999999999988, 5.0728989355192316e+42
4.659999999999982, 5.0360255977274266e+42
4.689999999999991, 5.0360255977274266e+42
4.719999999999992, 5.0360255977274266e+42
4.749999999999986, 4.99915225993559e+42
4.779999999999987, 4.99915225993559e+42
4.809999999999988, 4.99915225993559e+42
4.839999999999996, 4.99915225993559e+42
4.869999999999997, 4.962278922143759e+42
4.899999999999999, 4.962278922143759e+42
4.929999999999993, 4.962278922143759e+42
4.959999999999994, 4.9254055843519345e+42
4.989999999999995, 4.9254055843519345e+42
5.019999999999982, 4.920137964667347e+42
5.04999999999999, 4.920137964667347e+42
5.079999999999998, 4.88853224656009e+42
5.109999999999992, 4.88853224656009e+42
5.140000000000001, 4.88853224656009e+42
5.170000000000002, 4.8727293875064125e+42
5.200000000000003, 4.85692652845282e+42
5.22999999999999, 4.85692652845282e+42
5.259999999999991, 4.85692652845282e+42
5.289999999999985, 4.8147855709763947e+42
5.319999999999993, 4.8147855709763947e+42
5.349999999999994, 4.8147855709763947e+42
5.3799999999999955, 4.8147855709763947e+42
5.409999999999997, 4.767376993815408e+42
5.440000000000005, 4.767376993815408e+42
5.469999999999999, 4.767376993815408e+42
5.499999999999986, 4.73050365602363e+42
5.529999999999994, 4.73050365602363e+42
5.559999999999995, 4.73050365602363e+42
5.589999999999989, 4.73050365602363e+42
5.61999999999999, 4.693630318231718e+42
5.649999999999999, 4.693630318231718e+42
5.68, 4.693630318231718e+42
5.709999999999994, 4.6620246001244365e+42
5.739999999999995, 4.6620246001244365e+42
5.769999999999989, 4.6620246001244365e+42
5.799999999999997, 4.6620246001244365e+42
5.829999999999998, 4.6251512623325944e+42
5.859999999999999, 4.6251512623325944e+42
5.890000000000001, 4.6251512623325944e+42
5.920000000000002, 4.593545544225367e+42
5.949999999999996, 4.593545544225367e+42
5.979999999999997, 4.593545544225367e+42
6.009999999999998, 4.593545544225367e+42
6.039999999999999, 4.5619398261180177e+42
6.07, 4.5619398261180177e+42
6.099999999999994, 4.5619398261180177e+42
6.130000000000003, 4.5303341080106795e+42
6.160000000000004, 4.5303341080106795e+42
6.189999999999998, 4.5303341080106795e+42
6.219999999999999, 4.5303341080106795e+42
6.25, 4.4776579111652695e+42
6.280000000000001, 4.4776579111652695e+42
6.310000000000009, 4.4776579111652695e+42
6.3400000000000105, 4.446052193057965e+42
6.369999999999997, 4.446052193057965e+42
6.400000000000006, 4.446052193057965e+42
6.43, 4.446052193057965e+42
6.460000000000001, 4.4144464749506346e+42
6.490000000000009, 4.4144464749506346e+42
6.520000000000003, 4.4144464749506346e+42
6.550000000000004, 4.367037897789663e+42
6.5800000000000125, 4.367037897789663e+42
6.610000000000014, 4.367037897789663e+42
6.640000000000015, 4.367037897789663e+42
6.670000000000002, 4.3354321796823785e+42
6.699999999999996, 4.3354321796823785e+42
6.729999999999997, 4.3354321796823785e+42
6.759999999999998, 4.303826461575118e+42
6.790000000000006, 4.303826461575118e+42
6.82, 4.303826461575118e+42
6.8500000000000085, 4.303826461575118e+42
6.880000000000017, 4.272220743467823e+42
6.910000000000011, 4.272220743467823e+42
6.940000000000005, 4.272220743467823e+42
6.970000000000006, 4.2248121663068696e+42
7.000000000000007, 4.2248121663068696e+42
7.030000000000008, 4.2248121663068696e+42
7.060000000000009, 4.2248121663068696e+42
7.090000000000003, 4.1932064481995673e+42
7.120000000000012, 4.1932064481995673e+42
7.150000000000006, 4.1932064481995673e+42
7.180000000000014, 4.161600730092315e+42
7.210000000000001, 4.161600730092315e+42
7.240000000000009, 4.161600730092315e+42
7.27000000000001, 4.161600730092315e+42
7.300000000000011, 4.1299950119849596e+42
7.3300000000000125, 4.1299950119849596e+42
7.360000000000014, 4.1299950119849596e+42
7.390000000000015, 4.114192152931327e+42
7.420000000000009, 4.0983892938776833e+42
7.45000000000001, 4.0983892938776833e+42
7.480000000000018, 4.0983892938776833e+42
7.510000000000012, 4.072051195454954e+42
7.540000000000006, 4.072051195454954e+42
7.570000000000007, 4.072051195454954e+42
7.600000000000016, 4.072051195454954e+42
7.63000000000001, 4.0404454773476674e+42
7.660000000000011, 4.0404454773476674e+42
7.690000000000019, 4.0404454773476674e+42
7.720000000000013, 4.0088397592403093e+42
7.750000000000014, 4.0088397592403093e+42
7.7800000000000225, 4.0088397592403093e+42
7.8100000000000165, 4.0088397592403093e+42
7.840000000000018, 3.977234041133106e+42
7.870000000000012, 3.977234041133106e+42
7.900000000000013, 3.977234041133106e+42
7.930000000000014, 3.9508959427103014e+42
7.960000000000015, 3.9508959427103014e+42
7.990000000000016, 3.9508959427103014e+42
8.020000000000017, 3.9508959427103014e+42
8.050000000000004, 3.924557844287595e+42
8.080000000000005, 3.924557844287595e+42
8.110000000000014, 3.924557844287595e+42
8.140000000000022, 3.908754985233911e+42
8.170000000000016, 3.908754985233911e+42
8.200000000000017, 3.908754985233911e+42
8.230000000000011, 3.908754985233911e+42
8.260000000000012, 3.8824168868112084e+42
8.290000000000006, 3.8824168868112084e+42
8.32, 3.8824168868112084e+42
8.350000000000009, 3.850811168703883e+42
8.38000000000001, 3.850811168703883e+42
8.41000000000001, 3.850811168703883e+42
8.440000000000005, 3.850811168703883e+42
8.470000000000006, 3.8192054505965927e+42
8.500000000000007, 3.8192054505965927e+42
8.530000000000001, 3.8192054505965927e+42
8.560000000000002, 3.7981349718584207e+42
8.589999999999996, 3.7981349718584207e+42
8.620000000000005, 3.7981349718584207e+42
8.650000000000006, 3.7981349718584207e+42
8.679999999999993, 3.7665292537511004e+42
8.71, 3.7665292537511004e+42
8.740000000000002, 3.7665292537511004e+42
8.769999999999996, 3.740191155328341e+42
8.79999999999999, 3.740191155328341e+42
8.829999999999998, 3.740191155328341e+42
8.86, 3.740191155328341e+42
8.89, 3.7138530569055895e+42
8.920000000000002, 3.7138530569055895e+42
8.949999999999996, 3.7138530569055895e+42
8.979999999999997, 3.687514958482842e+42
9.009999999999991, 3.687514958482842e+42
9.039999999999992, 3.687514958482842e+42
9.069999999999993, 3.687514958482842e+42
9.099999999999994, 3.6717120994291823e+42
9.129999999999995, 3.6717120994291823e+42
9.159999999999997, 3.6717120994291823e+42
9.18999999999999, 3.6453740010065064e+42
9.219999999999985, 3.6453740010065064e+42
9.249999999999979, 3.6453740010065064e+42
9.279999999999987, 3.6453740010065064e+42
9.309999999999981, 3.619035902583705e+42
9.339999999999982, 3.619035902583705e+42
9.36999999999999, 3.619035902583705e+42
9.399999999999991, 3.592697804160947e+42
9.429999999999986, 3.592697804160947e+42
9.459999999999994, 3.592697804160947e+42
9.489999999999974, 3.592697804160947e+42
9.519999999999975, 3.5663597057382467e+42
9.549999999999983, 3.5663597057382467e+42
9.579999999999984, 3.5663597057382467e+42
9.609999999999985, 3.5663597057382467e+42
9.63999999999998, 3.5400216073154544e+42
9.66999999999998, 3.5400216073154544e+42
9.699999999999989, 3.5400216073154544e+42
9.729999999999976, 3.524218748261827e+42
9.759999999999977, 3.524218748261827e+42
9.789999999999978, 3.524218748261827e+42
9.819999999999979, 3.524218748261827e+42
9.84999999999998, 3.513683508892719e+42
9.879999999999974, 3.513683508892719e+42
9.909999999999975, 3.513683508892719e+42
9.939999999999984, 3.4926130301545384e+42
9.96999999999997, 3.4926130301545384e+42
9.999999999999972, 3.4926130301545384e+42
10.029999999999973, 3.4926130301545384e+42
10.059999999999974, 3.4610073120472256e+42
10.089999999999968, 3.4610073120472256e+42
10.119999999999969, 3.4610073120472256e+42
10.14999999999997, 3.4399368333090715e+42
10.179999999999978, 3.4399368333090715e+42
10.209999999999958, 3.4399368333090715e+42
10.239999999999966, 3.4399368333090715e+42
10.269999999999968, 3.4083311152017444e+42
10.299999999999969, 3.4083311152017444e+42
10.329999999999977, 3.4083311152017444e+42
10.359999999999957, 3.387260636463538e+42
10.389999999999965, 3.387260636463538e+42
10.419999999999959, 3.387260636463538e+42
10.449999999999953, 3.387260636463538e+42
10.479999999999961, 3.3609225380408507e+42
10.509999999999962, 3.3609225380408507e+42
10.539999999999964, 3.3609225380408507e+42
10.569999999999965, 3.3609225380408507e+42
10.599999999999959, 3.3609225380408507e+42
10.62999999999996, 3.3609225380408507e+42
10.659999999999968, 3.3609225380408507e+42
10.689999999999948, 3.339852059302643e+42
10.719999999999956, 3.339852059302643e+42
10.749999999999957, 3.339852059302643e+42
10.779999999999959, 3.3135139608798845e+42
10.80999999999996, 3.3135139608798845e+42
10.839999999999954, 3.3135139608798845e+42
10.869999999999955, 3.3135139608798845e+42
10.899999999999956, 3.2871758624571294e+42
10.92999999999995, 3.2871758624571294e+42
10.959999999999951, 3.2871758624571294e+42
10.989999999999952, 3.2661053837189685e+42
11.019999999999953, 3.2661053837189685e+42
11.049999999999962, 3.2661053837189685e+42
11.079999999999949, 3.2661053837189685e+42
11.10999999999995, 3.2450349049807154e+42
11.13999999999995, 3.2450349049807154e+42
11.169999999999945, 3.2450349049807154e+42
11.199999999999946, 3.2134291868734403e+42
11.229999999999947, 3.2134291868734403e+42
11.259999999999948, 3.2134291868734403e+42
11.28999999999995, 3.2134291868734403e+42
11.319999999999943, 3.2028939475043064e+42
11.349999999999945, 3.2028939475043064e+42
11.379999999999946, 3.2028939475043064e+42
11.40999999999994, 3.192358708135265e+42
11.43999999999994, 3.192358708135265e+42
11.469999999999942, 3.192358708135265e+42
11.499999999999943, 3.192358708135265e+42
11.529999999999944, 3.1712882293970437e+42
11.559999999999938, 3.1712882293970437e+42
11.58999999999994, 3.1712882293970437e+42
11.619999999999948, 3.160752990027977e+42
11.649999999999928, 3.1502177506588524e+42
11.679999999999929, 3.1502177506588524e+42
11.70999999999993, 3.1502177506588524e+42
11.739999999999938, 3.134414891605222e+42
11.769999999999932, 3.134414891605222e+42
11.799999999999933, 3.134414891605222e+42
11.829999999999934, 3.134414891605222e+42
11.859999999999928, 3.113344412866988e+42
11.88999999999993, 3.113344412866988e+42
11.919999999999924, 3.113344412866988e+42
11.949999999999925, 3.0975415538133954e+42
11.979999999999933, 3.0975415538133954e+42
12.009999999999934, 3.0975415538133954e+42
12.039999999999928, 3.0975415538133954e+42
12.06999999999993, 3.076471075075153e+42
12.09999999999993, 3.076471075075153e+42
12.129999999999924, 3.076471075075153e+42
12.159999999999926, 3.055400596336939e+42
12.189999999999927, 3.055400596336939e+42
12.219999999999928, 3.055400596336939e+42
12.249999999999929, 3.055400596336939e+42
12.279999999999923, 3.044865356967834e+42
12.309999999999917, 3.044865356967834e+42
12.339999999999918, 3.044865356967834e+42
12.36999999999992, 3.044865356967834e+42
12.399999999999913, 3.044865356967834e+42
12.429999999999914, 3.044865356967834e+42
12.459999999999916, 3.044865356967834e+42
12.489999999999931, 3.055400596336939e+42
12.519999999999918, 3.055400596336939e+42
12.549999999999926, 3.055400596336939e+42
12.699999999999918, 2.944780582961445e+42
12.729999999999919, 2.944780582961445e+42
12.759999999999913, 2.944780582961445e+42
12.789999999999914, 2.944780582961445e+42
12.819999999999915, 2.944780582961445e+42
12.849999999999909, 2.944780582961445e+42
12.87999999999991, 2.944780582961445e+42
12.909999999999911, 2.944780582961445e+42
12.939999999999912, 2.944780582961445e+42
12.96999999999992, 2.944780582961445e+42
12.999999999999908, 2.923710104223231e+42
13.029999999999916, 2.923710104223231e+42
13.05999999999991, 2.923710104223231e+42
13.089999999999904, 2.923710104223231e+42
13.119999999999905, 2.9131748648541356e+42
13.149999999999906, 2.9131748648541356e+42
13.179999999999907, 2.9131748648541356e+42
13.209999999999908, 2.8921043861159623e+42
13.239999999999903, 2.8921043861159623e+42
13.269999999999904, 2.8921043861159623e+42
13.299999999999898, 2.8921043861159623e+42
13.329999999999892, 2.881569146746825e+42
13.3599999999999, 2.881569146746825e+42
13.389999999999901, 2.881569146746825e+42
13.419999999999895, 2.860498668008622e+42
13.449999999999903, 2.860498668008622e+42
13.479999999999905, 2.860498668008622e+42
13.509999999999891, 2.860498668008622e+42
13.539999999999893, 2.839428189270478e+42
13.569999999999894, 2.839428189270478e+42
13.599999999999895, 2.839428189270478e+42
13.629999999999896, 2.8288929499013385e+42
13.65999999999989, 2.8183577105322695e+42
13.689999999999898, 2.8183577105322695e+42
13.719999999999892, 2.8183577105322695e+42
13.749999999999886, 2.807822471163167e+42
13.779999999999887, 2.807822471163167e+42
13.809999999999889, 2.807822471163167e+42
13.839999999999883, 2.807822471163167e+42
13.86999999999989, 2.8183577105322695e+42
13.899999999999892, 2.8183577105322695e+42
13.929999999999893, 2.8183577105322695e+42
13.959999999999887, 2.8183577105322695e+42
13.989999999999881, 2.8183577105322695e+42
14.01999999999989, 2.8183577105322695e+42
14.049999999999876, 2.8183577105322695e+42
14.079999999999885, 2.7130053168412633e+42
14.109999999999879, 2.7130053168412633e+42
14.139999999999887, 2.7130053168412633e+42
14.169999999999888, 2.7130053168412633e+42
14.199999999999882, 2.7130053168412633e+42
14.229999999999876, 2.7130053168412633e+42
14.259999999999877, 2.7130053168412633e+42
14.289999999999871, 2.72880817589491e+42
14.31999999999988, 2.72880817589491e+42
14.34999999999988, 2.72880817589491e+42
14.379999999999882, 2.718272936525841e+42
14.409999999999876, 2.718272936525841e+42
14.439999999999877, 2.718272936525841e+42
14.469999999999871, 2.7182729365257965e+42
14.499999999999872, 2.7077376971567248e+42
14.529999999999866, 2.7077376971567248e+42
14.559999999999874, 2.7077376971567248e+42
14.589999999999876, 2.6866672184185277e+42
14.619999999999877, 2.6866672184185277e+42
14.649999999999878, 2.6866672184185277e+42
14.679999999999872, 2.6866672184185277e+42
14.709999999999873, 2.6761319790494073e+42
14.739999999999867, 2.6761319790494073e+42
14.769999999999868, 2.6761319790494073e+42
14.79999999999987, 2.665596739680329e+42
14.82999999999987, 2.665596739680329e+42
14.859999999999872, 2.665596739680329e+42
14.88999999999988, 2.665596739680329e+42
14.919999999999867, 2.6497938806266695e+42
14.949999999999868, 2.6497938806266695e+42
14.979999999999862, 2.6497938806266695e+42
15.009999999999863, 2.6392586412575943e+42
15.039999999999864, 2.6392586412575943e+42
15.069999999999865, 2.6392586412575943e+42
15.099999999999866, 2.6392586412575943e+42
15.129999999999868, 2.623455782203916e+42
15.159999999999854, 2.623455782203916e+42
15.189999999999856, 2.623455782203916e+42
15.219999999999864, 2.6023853034657575e+42
15.249999999999858, 2.6023853034657575e+42
15.279999999999859, 2.6023853034657575e+42
15.309999999999853, 2.6023853034657575e+42
15.339999999999861, 2.6023853034657575e+42
15.369999999999862, 2.6023853034657575e+42
15.39999999999985, 2.6023853034657575e+42
15.429999999999858, 2.6023853034657575e+42
15.459999999999852, 2.6023853034657575e+42
15.489999999999853, 2.6023853034657575e+42
15.519999999999854, 2.6023853034657575e+42
15.549999999999855, 2.597117683781187e+42
15.579999999999856, 2.597117683781187e+42
15.609999999999857, 2.597117683781187e+42
15.759999999999849, 2.4970329097747305e+42
15.789999999999843, 2.4970329097747305e+42
15.819999999999851, 2.4970329097747305e+42
15.849999999999852, 2.4970329097747305e+42
15.87999999999984, 2.4970329097747305e+42
15.909999999999847, 2.4970329097747305e+42
15.939999999999841, 2.4970329097747305e+42
15.969999999999843, 2.4970329097747305e+42
15.999999999999844, 2.4970329097747305e+42
16.029999999999845, 2.4970329097747305e+42
16.059999999999846, 2.4970329097747305e+42
16.089999999999847, 2.486497670405637e+42
16.11999999999985, 2.486497670405637e+42
16.14999999999985, 2.486497670405637e+42
16.179999999999836, 2.4706948113520324e+42
16.209999999999845, 2.4706948113520324e+42
16.239999999999846, 2.4706948113520324e+42
16.269999999999847, 2.4706948113520324e+42
16.299999999999855, 2.449624332613784e+42
16.32999999999985, 2.449624332613784e+42
16.359999999999857, 2.449624332613784e+42
16.38999999999986, 2.4338214735601593e+42
16.41999999999986, 2.4338214735601593e+42
16.44999999999986, 2.4338214735601593e+42
16.479999999999862, 2.4338214735601593e+42
16.509999999999863, 2.4180186145064797e+42
16.539999999999857, 2.4180186145064797e+42
16.569999999999858, 2.4180186145064797e+42
16.599999999999866, 2.407483375137417e+42
16.629999999999868, 2.407483375137417e+42
16.65999999999987, 2.407483375137417e+42
16.68999999999987, 2.407483375137417e+42
16.719999999999864, 2.396948135768293e+42
16.749999999999872, 2.396948135768293e+42
16.779999999999866, 2.396948135768293e+42
16.809999999999867, 2.3916805160837685e+42
16.839999999999876, 2.3916805160837685e+42
16.86999999999987, 2.3916805160837685e+42
16.89999999999987, 2.3916805160837685e+42
16.929999999999872, 2.3916805160837685e+42
16.959999999999873, 2.3916805160837685e+42
16.989999999999874, 2.3916805160837685e+42
17.13999999999988, 2.302130981446446e+42
17.169999999999888, 2.302130981446446e+42
17.19999999999989, 2.302130981446446e+42
17.229999999999883, 2.302130981446446e+42
17.25999999999989, 2.302130981446446e+42
17.289999999999885, 2.302130981446446e+42
17.319999999999887, 2.302130981446446e+42
17.349999999999895, 2.2915957420773265e+42
17.37999999999989, 2.2915957420773265e+42
17.409999999999897, 2.2915957420773265e+42
17.43999999999989, 2.2915957420773265e+42
17.4699999999999, 2.2915957420773265e+42
17.4999999999999, 2.2915957420773265e+42
17.5299999999999, 2.2915957420773265e+42
17.559999999999903, 2.2810605027082157e+42
17.589999999999897, 2.2810605027082157e+42
17.619999999999905, 2.2810605027082157e+42
17.649999999999906, 2.2599900239700623e+42
17.6799999999999, 2.2599900239700623e+42
17.70999999999991, 2.2599900239700623e+42
17.739999999999903, 2.2599900239700623e+42
17.769999999999904, 2.2441871649163978e+42
17.799999999999912, 2.2441871649163978e+42
17.829999999999913, 2.2441871649163978e+42
17.859999999999914, 2.2336519255472703e+42
17.889999999999915, 2.2283843058627228e+42
17.919999999999916, 2.2283843058627228e+42
17.949999999999918, 2.2283843058627228e+42
17.97999999999991, 2.212581446809084e+42
18.009999999999913, 2.212581446809084e+42
18.039999999999914, 2.212581446809084e+42
18.069999999999915, 2.212581446809084e+42
18.099999999999916, 2.19677858775545e+42
18.129999999999924, 2.19677858775545e+42
18.159999999999926, 2.19677858775545e+42
18.189999999999927, 2.1809757287018105e+42
18.21999999999992, 2.1809757287018105e+42
18.24999999999993, 2.1809757287018105e+42
18.27999999999993, 2.1809757287018105e+42
18.309999999999924, 2.1651728696481696e+42
18.339999999999925, 2.1651728696481696e+42
18.369999999999926, 2.1651728696481696e+42
18.399999999999935, 2.1493700105945042e+42
18.429999999999936, 2.1493700105945042e+42
18.459999999999937, 2.1493700105945042e+42
18.489999999999938, 2.1493700105945042e+42
18.519999999999932, 2.1335671515408633e+42
18.549999999999947, 2.1335671515408633e+42
18.57999999999994, 2.1335671515408633e+42
18.609999999999935, 2.117764292487233e+42
18.639999999999944, 2.117764292487233e+42
18.669999999999938, 2.117764292487233e+42
18.699999999999946, 2.117764292487233e+42
18.72999999999994, 2.101961433433554e+42
18.75999999999994, 2.101961433433554e+42
18.789999999999942, 2.101961433433554e+42
18.819999999999958, 2.0861585743799318e+42
18.84999999999995, 2.0861585743799318e+42
18.87999999999996, 2.0861585743799318e+42
18.90999999999996, 2.0861585743799318e+42
18.93999999999994, 2.075623335010813e+42
18.96999999999995, 2.075623335010813e+42
18.999999999999943, 2.075623335010813e+42
19.02999999999996, 2.0703557153262952e+42
19.059999999999953, 2.0703557153262952e+42
19.089999999999968, 2.0703557153262952e+42
19.119999999999955, 2.0703557153262952e+42
19.149999999999963, 2.0545528562726214e+42
19.179999999999957, 2.0545528562726214e+42
19.209999999999965, 2.0545528562726214e+42
19.23999999999996, 2.044017616903518e+42
19.269999999999975, 2.044017616903518e+42
19.29999999999996, 2.044017616903518e+42
19.329999999999963, 2.044017616903518e+42
19.359999999999964, 2.022947138165339e+42
19.389999999999958, 2.022947138165339e+42
19.419999999999966, 2.022947138165339e+42
19.449999999999967, 2.0124118987962362e+42
19.479999999999976, 2.0124118987962362e+42
19.509999999999962, 2.0124118987962362e+42
19.539999999999978, 2.0124118987962362e+42
19.569999999999972, 1.9913414200580165e+42
19.59999999999998, 1.9913414200580165e+42
19.629999999999974, 1.9913414200580165e+42
19.659999999999982, 1.980806180688934e+42
19.689999999999984, 1.980806180688934e+42
19.719999999999985, 1.980806180688934e+42
19.749999999999986, 1.980806180688934e+42
19.779999999999973, 1.9755385610043793e+42
19.809999999999988, 1.9755385610043793e+42
19.839999999999982, 1.9755385610043793e+42
19.86999999999999, 1.970270941319852e+42
19.899999999999984, 1.970270941319852e+42
19.929999999999993, 1.970270941319852e+42
19.959999999999994, 1.970270941319852e+42
19.989999999999995, 1.9492004625816424e+42
20.01999999999999, 1.9492004625816424e+42
20.049999999999983, 1.9492004625816424e+42
20.07999999999999, 1.9492004625816424e+42
20.109999999999992, 1.938665223212526e+42
20.139999999999993, 1.938665223212526e+42
20.169999999999995, 1.938665223212526e+42
20.200000000000003, 1.922862364158906e+42
20.22999999999999, 1.922862364158906e+42
20.260000000000005, 1.922862364158906e+42
20.289999999999992, 1.922862364158906e+42
20.320000000000014, 1.9070595051052414e+42
20.35000000000001, 1.9070595051052414e+42
20.380000000000017, 1.9070595051052414e+42
20.410000000000004, 1.896524265736156e+42
20.440000000000005, 1.896524265736156e+42
20.470000000000006, 1.896524265736156e+42
20.500000000000007, 1.896524265736156e+42
20.53000000000001, 1.8859890263670273e+42
20.56000000000001, 1.8859890263670273e+42
20.590000000000018, 1.8859890263670273e+42
20.62000000000002, 1.8807214066824937e+42
20.650000000000027, 1.8807214066824937e+42
20.680000000000014, 1.8807214066824937e+42
20.71000000000003, 1.8807214066824937e+42
20.740000000000016, 1.87018616731342e+42
20.770000000000017, 1.87018616731342e+42
20.80000000000002, 1.87018616731342e+42
20.830000000000013, 1.8543833082597686e+42
20.860000000000028, 1.8543833082597686e+42
20.890000000000022, 1.8543833082597686e+42
20.92000000000003, 1.8543833082597686e+42
20.95000000000003, 1.838580449206099e+42
20.98000000000004, 1.838580449206099e+42
21.010000000000034, 1.838580449206099e+42
21.040000000000035, 1.828045209836999e+42
21.070000000000036, 1.828045209836999e+42
21.100000000000037, 1.828045209836999e+42
21.130000000000038, 1.828045209836999e+42
21.160000000000032, 1.822777590152452e+42
21.190000000000047, 1.822777590152452e+42
21.220000000000034, 1.822777590152452e+42
21.250000000000036, 1.8122423507833688e+42
21.28000000000003, 1.8122423507833688e+42
21.310000000000038, 1.8122423507833688e+42
21.34000000000004, 1.8122423507833688e+42
21.370000000000047, 1.801707111414267e+42
21.400000000000034, 1.801707111414267e+42
21.43000000000005, 1.801707111414267e+42
21.46000000000005, 1.791171872045152e+42
21.49000000000006, 1.791171872045152e+42
21.520000000000046, 1.791171872045152e+42
21.550000000000047, 1.791171872045152e+42
21.580000000000062, 1.780636632676064e+42
21.61000000000005, 1.780636632676064e+42
21.640000000000057, 1.780636632676064e+42
21.67000000000006, 1.7753690129915175e+42
21.70000000000006, 1.7753690129915175e+42
21.73000000000006, 1.7753690129915175e+42
21.76000000000007, 1.7753690129915175e+42
21.790000000000056, 1.7648337736224138e+42
21.820000000000064, 1.7648337736224138e+42
21.85000000000005, 1.7648337736224138e+42
21.88000000000006, 1.7542985342533306e+42
21.910000000000075, 1.7542985342533306e+42
21.94000000000006, 1.7542985342533306e+42
21.970000000000077, 1.7542985342533306e+42
22.00000000000007, 1.7437632948842406e+42
22.030000000000072, 1.7437632948842406e+42
22.060000000000073, 1.7437632948842406e+42
22.090000000000074, 1.7384956751996804e+42
22.120000000000076, 1.7332280555151193e+42
22.150000000000077, 1.7332280555151193e+42
22.180000000000078, 1.7332280555151193e+42
22.21000000000008, 1.727960435830573e+42
22.240000000000073, 1.727960435830573e+42
22.270000000000067, 1.727960435830573e+42
22.300000000000075, 1.727960435830573e+42
22.33000000000007, 1.7174251964614765e+42
22.360000000000085, 1.7174251964614765e+42
22.39000000000007, 1.7174251964614765e+42
22.420000000000087, 1.712157576776922e+42
22.45000000000008, 1.712157576776922e+42
22.48000000000009, 1.712157576776922e+42
22.510000000000083, 1.712157576776922e+42
22.5400000000001, 1.701622337407848e+42
22.570000000000093, 1.701622337407848e+42
22.6000000000001, 1.701622337407848e+42
22.630000000000088, 1.6910870980387526e+42
22.660000000000082, 1.6910870980387526e+42
22.69000000000009, 1.6910870980387526e+42
22.720000000000084, 1.6910870980387526e+42
22.7500000000001, 1.6752842389850847e+42
22.780000000000086, 1.6752842389850847e+42
22.8100000000001, 1.6752842389850847e+42
22.840000000000103, 1.6700166193005326e+42
22.87000000000011, 1.6700166193005326e+42
22.900000000000112, 1.6700166193005326e+42
22.930000000000113, 1.6700166193005326e+42
22.960000000000107, 1.6594813799314345e+42
22.990000000000094, 1.6594813799314345e+42
23.02000000000011, 1.6594813799314345e+42
23.050000000000104, 1.6489461405623256e+42
23.08000000000012, 1.6489461405623525e+42
23.110000000000106, 1.6489461405623525e+42
23.14000000000012, 1.6489461405623525e+42
23.17000000000011, 1.6436785208778e+42
23.200000000000117, 1.6436785208778e+42
23.230000000000118, 1.6436785208778e+42
23.26000000000012, 1.6384109011932244e+42
23.290000000000113, 1.6384109011932244e+42
23.32000000000012, 1.6384109011932244e+42
23.350000000000115, 1.6384109011932244e+42
23.38000000000011, 1.622608042139607e+42
23.410000000000117, 1.622608042139607e+42
23.44000000000011, 1.622608042139607e+42
23.470000000000127, 1.612072802770499e+42
23.500000000000128, 1.612072802770499e+42
23.53000000000013, 1.612072802770499e+42
23.56000000000013, 1.612072802770499e+42
23.59000000000013, 1.6068051830859394e+42
23.620000000000132, 1.6068051830859394e+42
23.650000000000134, 1.6068051830859394e+42
23.680000000000135, 1.59626994371685e+42
23.710000000000136, 1.59626994371685e+42
23.740000000000137, 1.59626994371685e+42
23.77000000000013, 1.59626994371685e+42
23.80000000000014, 1.5910023240322982e+42
23.830000000000133, 1.5910023240322982e+42
23.86000000000015, 1.5910023240322982e+42
23.890000000000136, 1.5751994649786405e+42
23.920000000000137, 1.5751994649786405e+42
23.950000000000138, 1.5751994649786405e+42
23.98000000000014, 1.5751994649786405e+42
24.010000000000133, 1.5699318452941132e+42
24.04000000000015, 1.5699318452941132e+42
24.070000000000142, 1.5699318452941132e+42
24.100000000000136, 1.5646642256095353e+42
24.13000000000015, 1.5593966059249928e+42
24.16000000000014, 1.5593966059249928e+42
24.190000000000154, 1.5593966059250182e+42
24.22000000000014, 1.5541289862404527e+42
24.250000000000156, 1.5541289862404527e+42
24.280000000000143, 1.5541289862404527e+42
24.31000000000016, 1.5541289862404527e+42
24.340000000000146, 1.5488613665559117e+42
24.37000000000016, 1.5488613665559117e+42
24.400000000000155, 1.5488613665559117e+42
24.43000000000017, 1.5330585075022565e+42
24.46000000000017, 1.5330585075022565e+42
24.49000000000016, 1.5330585075022565e+42
24.520000000000174, 1.5330585075022565e+42
24.55000000000016, 1.5277908878177115e+42
24.58000000000017, 1.5277908878177115e+42
24.610000000000163, 1.5277908878177115e+42
24.640000000000164, 1.5225232681331547e+42
24.670000000000165, 1.5225232681331547e+42
24.700000000000173, 1.5225232681331547e+42
24.730000000000167, 1.5225232681331547e+42
24.760000000000176, 1.5119880287640604e+42
24.79000000000017, 1.5119880287640604e+42
24.82000000000017, 1.5119880287640604e+42
24.85000000000018, 1.5067204090794915e+42
24.880000000000173, 1.5067204090794915e+42
24.91000000000018, 1.5067204090794915e+42
24.940000000000182, 1.5067204090794915e+42
24.970000000000184, 1.501452789394972e+42
25.000000000000178, 1.501452789394972e+42
25.030000000000186, 1.501452789394972e+42
25.06000000000018, 1.4909175500258722e+42
25.09000000000018, 1.4909175500258722e+42
25.120000000000182, 1.4909175500258722e+42
25.150000000000183, 1.4909175500258722e+42
25.180000000000184, 1.4856499303413102e+42
25.21000000000018, 1.4856499303413102e+42
25.240000000000187, 1.4856499303413102e+42
25.270000000000188, 1.4751146909722254e+42
25.300000000000196, 1.4751146909722254e+42
25.33000000000019, 1.4751146909722254e+42
25.360000000000205, 1.4751146909722254e+42
25.390000000000192, 1.4645794516031134e+42
25.420000000000194, 1.4645794516031134e+42
25.450000000000195, 1.4645794516031134e+42
25.48000000000021, 1.4540442122340224e+42
25.510000000000204, 1.4540442122340224e+42
25.540000000000212, 1.4540442122340224e+42
25.570000000000206, 1.4540442122340224e+42
25.6000000000002, 1.4435089728649145e+42
25.63000000000021, 1.4435089728649145e+42
25.660000000000203, 1.4435089728649145e+42
25.69000000000021, 1.4382413531803688e+42
25.720000000000205, 1.4382413531803688e+42
25.750000000000213, 1.4382413531803688e+42
25.780000000000214, 1.4382413531803688e+42
25.810000000000215, 1.432973733495829e+42
25.84000000000021, 1.432973733495829e+42
25.870000000000218, 1.432973733495829e+42
25.900000000000226, 1.4224384941267307e+42
25.930000000000213, 1.4224384941267307e+42
25.96000000000023, 1.4224384941267307e+42
25.990000000000215, 1.4224384941267307e+42
26.020000000000223, 1.411903254757621e+42
26.050000000000217, 1.411903254757621e+42
26.08000000000022, 1.411903254757621e+42
26.11000000000022, 1.411903254757621e+42
26.14000000000022, 1.4066356350730783e+42
26.170000000000222, 1.4066356350730783e+42
26.20000000000023, 1.4066356350730783e+42
26.230000000000224, 1.4066356350730783e+42
26.260000000000232, 1.4066356350730783e+42
26.290000000000227, 1.4066356350730783e+42
26.320000000000228, 1.4066356350730783e+42
26.350000000000236, 1.396100395703977e+42
26.38000000000023, 1.396100395703977e+42
26.41000000000023, 1.396100395703977e+42
26.440000000000232, 1.396100395703977e+42
26.47000000000024, 1.396100395703977e+42
26.500000000000234, 1.396100395703977e+42
26.530000000000243, 1.396100395703977e+42
26.560000000000244, 1.385565156334879e+42
26.590000000000245, 1.385565156334879e+42
26.620000000000246, 1.385565156334879e+42
26.650000000000247, 1.385565156334879e+42
26.68000000000025, 1.385565156334879e+42
26.710000000000242, 1.385565156334879e+42
26.74000000000025, 1.385565156334879e+42
26.770000000000245, 1.3750299169657919e+42
26.800000000000246, 1.3750299169657919e+42
26.830000000000247, 1.3750299169657919e+42
26.860000000000248, 1.3750299169657919e+42
26.89000000000025, 1.3750299169657919e+42
26.92000000000025, 1.3750299169657919e+42
26.95000000000025, 1.3750299169657919e+42
26.98000000000026, 1.3697622972812186e+42
27.01000000000026, 1.3697622972812186e+42
27.040000000000262, 1.3697622972812186e+42
27.070000000000263, 1.3644946775966722e+42
27.100000000000264, 1.3644946775966722e+42
27.130000000000265, 1.3644946775966722e+42
27.16000000000026, 1.3644946775966722e+42
27.19000000000026, 1.353959438227585e+42
27.22000000000026, 1.353959438227585e+42
27.250000000000263, 1.353959438227585e+42
27.28000000000027, 1.3486918185430354e+42
27.31000000000028, 1.3486918185430354e+42
27.340000000000273, 1.3486918185430354e+42
27.37000000000028, 1.3486918185430354e+42
27.40000000000027, 1.3381565791739224e+42
27.430000000000263, 1.3381565791739224e+42
27.46000000000027, 1.3381565791739224e+42
27.490000000000265, 1.332888959489385e+42
27.520000000000273, 1.332888959489385e+42
27.550000000000274, 1.332888959489385e+42
27.580000000000275, 1.332888959489385e+42
27.610000000000277, 1.327621339804848e+42
27.640000000000285, 1.327621339804848e+42
27.67000000000028, 1.327621339804848e+42
27.700000000000287, 1.3170861004357346e+42
27.73000000000028, 1.3170861004357346e+42
27.760000000000296, 1.3170861004357346e+42
27.790000000000283, 1.3170861004357346e+42
27.820000000000277, 1.311818480751185e+42
27.850000000000286, 1.311818480751185e+42
27.88000000000028, 1.311818480751185e+42
27.910000000000288, 1.3012832413821024e+42
27.94000000000029, 1.3012832413820812e+42
27.97000000000029, 1.3012832413820812e+42
28.00000000000029, 1.3012832413821024e+42
28.0300000000003, 1.2960156216975493e+42
28.060000000000294, 1.2960156216975493e+42
28.090000000000295, 1.2960156216975493e+42
28.120000000000296, 1.29074800201301e+42
28.150000000000297, 1.290748002012989e+42
28.180000000000298, 1.290748002012989e+42
28.210000000000285, 1.290748002012989e+42
28.2400000000003, 1.29074800201301e+42
28.2700000000003, 1.29074800201301e+42
28.300000000000303, 1.29074800201301e+42
28.330000000000304, 1.29074800201301e+42
28.360000000000305, 1.2802127626439022e+42
28.390000000000306, 1.2802127626439022e+42
28.42000000000032, 1.2802127626439022e+42
28.45000000000031, 1.2802127626439022e+42
28.480000000000324, 1.2802127626439022e+42
28.51000000000031, 1.2802127626439022e+42
28.540000000000312, 1.2802127626439022e+42
28.570000000000313, 1.2802127626439022e+42
28.600000000000314, 1.2802127626439022e+42
28.63000000000033, 1.2802127626439022e+42
28.660000000000302, 1.2696775232747932e+42
28.690000000000317, 1.2696775232747932e+42
28.72000000000032, 1.2696775232747932e+42
28.75000000000032, 1.2696775232747932e+42
28.78000000000032, 1.2696775232747932e+42
28.810000000000322, 1.2696775232747932e+42
28.840000000000323, 1.2696775232747932e+42
28.87000000000031, 1.2591422839057043e+42
28.900000000000325, 1.2591422839057043e+42
28.930000000000327, 1.2591422839057043e+42
28.960000000000328, 1.2591422839057043e+42
28.99000000000033, 1.2591422839057043e+42
29.02000000000033, 1.2591422839057043e+42
29.05000000000033, 1.2591422839057043e+42
29.080000000000346, 1.248607044536599e+42
29.11000000000032, 1.248607044536599e+42
29.140000000000335, 1.248607044536599e+42
29.170000000000336, 1.248607044536599e+42
29.20000000000035, 1.248607044536599e+42
29.230000000000338, 1.248607044536599e+42
29.260000000000325, 1.248607044536599e+42
29.290000000000354, 1.2433394248520452e+42
29.320000000000327, 1.2433394248520452e+42
29.350000000000342, 1.2433394248520452e+42
29.380000000000344, 1.2433394248520452e+42
29.410000000000345, 1.2433394248520452e+42
29.440000000000346, 1.2433394248520452e+42
29.470000000000347, 1.2433394248520452e+42
29.500000000000348, 1.232804185482965e+42
29.53000000000035, 1.232804185482965e+42
29.56000000000035, 1.232804185482965e+42
29.590000000000366, 1.232804185482965e+42
29.620000000000367, 1.232804185482965e+42
29.65000000000034, 1.232804185482965e+42
29.680000000000355, 1.232804185482965e+42
29.71000000000037, 1.2275365657984018e+42
29.740000000000357, 1.2275365657984018e+42
29.77000000000036, 1.2275365657984018e+42
29.800000000000374, 1.2275365657984018e+42
29.830000000000346, 1.2222689461138404e+42
29.860000000000362, 1.2222689461138404e+42
29.890000000000363, 1.2222689461138404e+42
29.920000000000364, 1.2222689461138404e+42
29.950000000000365, 1.2222689461138404e+42
29.980000000000352, 1.2222689461138404e+42
30.010000000000367, 1.2222689461138404e+42
30.04000000000037, 1.2117337067447531e+42
30.070000000000384, 1.2117337067447531e+42
30.10000000000037, 1.2117337067447531e+42
30.130000000000386, 1.2064660870602022e+42
30.160000000000373, 1.2064660870602022e+42
30.190000000000374, 1.2064660870602022e+42
30.220000000000375, 1.2064660870602022e+42
30.25000000000039, 1.2064660870602022e+42
30.280000000000378, 1.2064660870602022e+42
30.31000000000038, 1.2064660870602022e+42
30.34000000000038, 1.2064660870602022e+42
30.37000000000038, 1.2011984673756611e+42
30.400000000000382, 1.2011984673756414e+42
30.430000000000383, 1.2011984673756414e+42
30.46000000000037, 1.1959308476911175e+42
30.49000000000037, 1.1959308476911175e+42
30.520000000000387, 1.1959308476911175e+42
30.550000000000388, 1.1959308476911175e+42
30.580000000000403, 1.1906632280065591e+42
30.610000000000404, 1.1906632280065591e+42
30.640000000000406, 1.1906632280065591e+42
30.670000000000393, 1.1906632280065591e+42
30.700000000000408, 1.1906632280065591e+42
30.73000000000041, 1.1906632280065591e+42
30.76000000000041, 1.1906632280065591e+42
30.790000000000397, 1.1801279886374697e+42
30.820000000000398, 1.1801279886374697e+42
30.8500000000004, 1.1801279886374697e+42
30.8800000000004, 1.1801279886374697e+42
30.9100000000004, 1.1801279886374697e+42
30.940000000000403, 1.1801279886374697e+42
30.970000000000404, 1.1801279886374697e+42
31.00000000000042, 1.169592749268362e+42
31.030000000000406, 1.169592749268362e+42
31.060000000000407, 1.169592749268362e+42
31.090000000000394, 1.1643251295838237e+42
31.12000000000041, 1.1643251295838237e+42
31.15000000000041, 1.1643251295838237e+42
31.180000000000412, 1.1643251295838237e+42
31.210000000000413, 1.1590575098992558e+42
31.24000000000043, 1.1590575098992558e+42
31.270000000000415, 1.1590575098992558e+42
31.30000000000043, 1.1537898902147179e+42
31.33000000000043, 1.1537898902147179e+42
31.360000000000433, 1.1537898902147179e+42
31.39000000000042, 1.1537898902147179e+42
31.420000000000435, 1.1537898902147179e+42
31.450000000000422, 1.1537898902147179e+42
31.480000000000423, 1.1537898902147179e+42
31.510000000000424, 1.1485222705301643e+42
31.54000000000041, 1.1485222705301643e+42
31.570000000000427, 1.1485222705301643e+42
31.600000000000428, 1.1485222705301643e+42
31.63000000000043, 1.1485222705301643e+42
31.66000000000043, 1.1485222705301643e+42
31.69000000000043, 1.1485222705301643e+42
31.720000000000418, 1.1379870311610591e+42
31.750000000000433, 1.1379870311610591e+42
31.780000000000435, 1.1379870311610591e+42
31.81000000000045, 1.1379870311610591e+42
31.84000000000045, 1.1327194114765282e+42
31.870000000000424, 1.1327194114765282e+42
31.90000000000044, 1.1327194114765282e+42
31.93000000000044, 1.1274517917919819e+42
31.96000000000044, 1.1274517917919635e+42
31.990000000000443, 1.1274517917919635e+42
32.020000000000444, 1.1274517917919635e+42
32.050000000000445, 1.1169165524228787e+42
32.080000000000446, 1.1169165524228787e+42
32.11000000000045, 1.1169165524228787e+42
32.14000000000045, 1.1169165524228787e+42
32.17000000000045, 1.1169165524228787e+42
32.20000000000045, 1.1169165524228787e+42
32.23000000000045, 1.1169165524228787e+42
32.26000000000045, 1.1116489327383356e+42
32.290000000000454, 1.1116489327383356e+42
32.32000000000044, 1.1116489327383356e+42
32.350000000000456, 1.1063813130537827e+42
32.38000000000044, 1.1063813130537827e+42
32.41000000000046, 1.1063813130537827e+42
32.44000000000046, 1.1063813130537827e+42
32.47000000000046, 1.1063813130537827e+42
32.50000000000046, 1.1063813130537827e+42
32.53000000000046, 1.1063813130537827e+42
32.560000000000464, 1.1063813130537827e+42
32.590000000000465, 1.095846073684684e+42
32.620000000000466, 1.095846073684684e+42
32.65000000000047, 1.095846073684666e+42
32.68000000000047, 1.095846073684666e+42
32.71000000000047, 1.095846073684684e+42
32.740000000000485, 1.095846073684684e+42
32.77000000000047, 1.095846073684684e+42
32.80000000000047, 1.0853108343155735e+42
32.830000000000474, 1.0853108343155735e+42
32.86000000000049, 1.0853108343155735e+42
32.89000000000048, 1.0800432146310317e+42
32.92000000000049, 1.0800432146310317e+42
32.950000000000465, 1.0800432146310317e+42
32.980000000000466, 1.0800432146310317e+42
33.01000000000048, 1.0747755949464848e+42
33.04000000000048, 1.0747755949464848e+42
33.0700000000005, 1.0747755949464848e+42
33.100000000000485, 1.0747755949464673e+42
33.130000000000486, 1.0747755949464673e+42
33.16000000000049, 1.0747755949464848e+42
33.1900000000005, 1.0747755949464848e+42
33.22000000000049, 1.0747755949464848e+42
33.250000000000504, 1.0747755949464848e+42
33.28000000000049, 1.0747755949464848e+42
33.31000000000048, 1.0642403555773683e+42
33.340000000000494, 1.0642403555773683e+42
33.370000000000495, 1.0642403555773683e+42
33.400000000000496, 1.0642403555773683e+42
33.4300000000005, 1.0642403555773683e+42
33.4600000000005, 1.0642403555773683e+42
33.4900000000005, 1.0642403555773683e+42
33.520000000000515, 1.0537051162082905e+42
33.5500000000005, 1.0537051162082905e+42
33.58000000000052, 1.0537051162082905e+42
33.610000000000504, 1.0537051162082905e+42
33.64000000000052, 1.0484374965237407e+42
33.670000000000506, 1.0484374965237407e+42
33.70000000000051, 1.0484374965237407e+42
33.73000000000051, 1.0431698768391955e+42
33.76000000000051, 1.0431698768391955e+42
33.790000000000525, 1.0431698768391955e+42
33.82000000000051, 1.0431698768391955e+42
33.85000000000051, 1.0431698768391955e+42
33.880000000000514, 1.0431698768391955e+42
33.91000000000053, 1.0431698768391955e+42
33.940000000000516, 1.0431698768391955e+42
33.97000000000053, 1.0431698768391955e+42
34.00000000000052, 1.0431698768391955e+42
34.03000000000052, 1.0431698768391955e+42
34.06000000000052, 1.0326346374700937e+42
34.09000000000052, 1.0326346374700937e+42
34.12000000000052, 1.0326346374700937e+42
34.150000000000524, 1.0326346374700937e+42
34.180000000000526, 1.0326346374700937e+42
34.21000000000053, 1.0326346374700937e+42
34.24000000000053, 1.0326346374700937e+42
34.27000000000053, 1.0220993981009839e+42
34.300000000000544, 1.0220993981009839e+42
34.33000000000052, 1.0220993981009839e+42
34.36000000000053, 1.0220993981009839e+42
34.39000000000053, 1.0220993981009839e+42
34.420000000000535, 1.0220993981009839e+42
34.450000000000536, 1.0220993981009839e+42
34.48000000000054, 1.0168317784164338e+42
34.51000000000054, 1.0168317784164338e+42
34.54000000000054, 1.0168317784164338e+42
34.57000000000054, 1.0168317784164338e+42
34.60000000000054, 1.0168317784164338e+42
34.63000000000056, 1.0168317784164338e+42
34.66000000000053, 1.0168317784164338e+42
34.690000000000545, 1.0115641587318751e+42
34.720000000000546, 1.0115641587318917e+42
34.75000000000055, 1.0115641587318917e+42
34.78000000000055, 1.0115641587318917e+42
34.81000000000055, 1.0062965390473301e+42
34.840000000000565, 1.0062965390473301e+42
34.87000000000055, 1.0062965390473301e+42
34.90000000000055, 1.0010289193627761e+42
34.930000000000554, 1.0010289193627761e+42
34.96000000000057, 1.0010289193627761e+42
34.99000000000057, 1.0010289193627761e+42
35.02000000000056, 1.0010289193627761e+42
35.05000000000056, 1.0010289193627761e+42
35.080000000000574, 1.0010289193627761e+42
35.11000000000056, 9.957612996782405e+41
35.14000000000056, 9.957612996782405e+41
35.17000000000056, 9.957612996782405e+41
35.20000000000055, 9.957612996782405e+41
35.230000000000565, 9.904936799936972e+41
35.26000000000055, 9.904936799936972e+41
35.29000000000057, 9.904936799936972e+41
35.32000000000057, 9.904936799936972e+41
35.35000000000057, 9.904936799936972e+41
35.38000000000057, 9.904936799936972e+41
35.41000000000057, 9.904936799936972e+41
35.44000000000057, 9.79958440624602e+41
35.47000000000059, 9.79958440624602e+41
35.500000000000576, 9.79958440624602e+41
35.53000000000058, 9.79958440624602e+41
35.56000000000058, 9.79958440624602e+41
35.59000000000058, 9.79958440624602e+41
35.620000000000594, 9.79958440624602e+41
35.65000000000058, 9.694232012554964e+41
35.68000000000058, 9.694232012554964e+41
35.71000000000058, 9.694232012554964e+41
35.7400000000006, 9.694232012554964e+41
35.77000000000057, 9.694232012554964e+41
35.80000000000059, 9.694232012554964e+41
35.83000000000059, 9.694232012554964e+41
35.8600000000006, 9.641555815709492e+41
35.89000000000059, 9.641555815709492e+41
35.92000000000059, 9.641555815709492e+41
35.95000000000061, 9.641555815709492e+41
35.980000000000594, 9.641555815709492e+41
36.01000000000061, 9.641555815709492e+41
36.040000000000596, 9.641555815709492e+41
36.0700000000006, 9.588879618863994e+41
36.1000000000006, 9.588879618863994e+41
36.130000000000614, 9.588879618863994e+41
36.1600000000006, 9.588879618863994e+41
36.1900000000006, 9.588879618863994e+41
36.2200000000006, 9.588879618863994e+41
36.250000000000604, 9.588879618863994e+41
36.28000000000062, 9.588879618863994e+41
36.31000000000059, 9.588879618863994e+41
36.34000000000061, 9.588879618863994e+41
36.37000000000061, 9.588879618863994e+41
36.40000000000061, 9.483527225172951e+41
36.43000000000061, 9.483527225172951e+41
36.460000000000626, 9.483527225172951e+41
36.49000000000061, 9.483527225172951e+41
36.520000000000614, 9.483527225172951e+41
36.550000000000615, 9.483527225172951e+41
36.58000000000063, 9.483527225172951e+41
36.61000000000063, 9.430851028327555e+41
36.640000000000605, 9.430851028327555e+41
36.67000000000062, 9.430851028327555e+41
36.70000000000062, 9.430851028327555e+41
36.730000000000636, 9.430851028327555e+41
36.76000000000062, 9.430851028327555e+41
36.790000000000624, 9.430851028327555e+41
36.82000000000061, 9.378174831482049e+41
36.85000000000063, 9.378174831482049e+41
36.88000000000063, 9.378174831482049e+41
36.91000000000063, 9.378174831482049e+41
36.94000000000063, 9.378174831482049e+41
36.97000000000063, 9.378174831482049e+41
37.00000000000063, 9.378174831482049e+41
37.03000000000062, 9.378174831482049e+41
37.060000000000635, 9.378174831482049e+41
37.090000000000636, 9.378174831482049e+41
37.12000000000064, 9.325498634636563e+41
37.15000000000064, 9.325498634636563e+41
37.18000000000064, 9.325498634636563e+41
37.21000000000064, 9.325498634636563e+41
37.240000000000656, 9.325498634636563e+41
37.27000000000064, 9.325498634636563e+41
37.300000000000644, 9.325498634636563e+41
37.330000000000645, 9.220146240945553e+41
37.360000000000646, 9.220146240945553e+41
37.39000000000066, 9.220146240945553e+41
37.42000000000065, 9.220146240945553e+41
37.45000000000065, 9.220146240945553e+41
37.48000000000065, 9.220146240945553e+41
37.510000000000666, 9.220146240945553e+41
37.54000000000065, 9.167470044100087e+41
37.57000000000067, 9.167470044100087e+41
37.600000000000655, 9.167470044100087e+41
37.630000000000656, 9.167470044100087e+41
37.66000000000066, 9.167470044100087e+41
37.69000000000067, 9.167470044100087e+41
37.72000000000066, 9.167470044100087e+41
37.75000000000066, 9.114793847254544e+41
37.78000000000066, 9.114793847254544e+41
37.81000000000066, 9.114793847254544e+41
37.84000000000068, 9.114793847254544e+41
37.87000000000065, 9.114793847254544e+41
37.90000000000067, 9.114793847254544e+41
37.93000000000067, 9.114793847254544e+41
37.96000000000068, 9.114793847254544e+41
37.99000000000067, 9.114793847254544e+41
38.02000000000067, 9.114793847254544e+41
38.05000000000067, 9.114793847254544e+41
38.08000000000067, 9.062117650409063e+41
38.110000000000674, 9.062117650409063e+41
38.140000000000676, 9.062117650409063e+41
38.17000000000069, 9.062117650409063e+41
38.20000000000068, 9.009441453563557e+41
38.23000000000068, 9.009441453563557e+41
38.260000000000666, 9.009441453563557e+41
38.29000000000068, 8.956765256718107e+41
38.32000000000068, 8.956765256718107e+41
38.3500000000007, 8.956765256718107e+41
38.380000000000685, 8.956765256718107e+41
38.410000000000686, 8.9040890598726e+41
38.44000000000069, 8.9040890598726e+41
38.47000000000069, 8.9040890598726e+41
38.50000000000069, 8.9040890598726e+41
38.530000000000676, 8.9040890598726e+41
38.56000000000069, 8.9040890598726e+41
38.59000000000069, 8.9040890598726e+41
38.62000000000071, 8.851412863027004e+41
38.650000000000695, 8.851412863027004e+41
38.680000000000696, 8.851412863027004e+41
38.7100000000007, 8.851412863027004e+41
38.74000000000071, 8.851412863027004e+41
38.770000000000714, 8.851412863027004e+41
38.8000000000007, 8.851412863027004e+41
38.83000000000069, 8.798736666181557e+41
38.86000000000069, 8.798736666181557e+41
38.890000000000704, 8.798736666181557e+41
38.92000000000069, 8.74606046933603e+41
38.950000000000706, 8.74606046933603e+41
38.98000000000071, 8.74606046933603e+41
39.01000000000072, 8.74606046933603e+41
39.04000000000071, 8.693384272490571e+41
39.07000000000071, 8.693384272490571e+41
39.10000000000071, 8.693384272490571e+41
39.13000000000071, 8.640708075645098e+41
39.160000000000714, 8.640708075645098e+41
39.1900000000007, 8.640708075645098e+41
39.22000000000072, 8.640708075645098e+41
39.25000000000072, 8.640708075645098e+41
39.28000000000072, 8.640708075645098e+41
39.310000000000706, 8.640708075645098e+41
39.340000000000735, 8.5880318787997e+41
39.37000000000071, 8.58803187879956e+41
39.40000000000072, 8.58803187879956e+41
39.430000000000724, 8.5880318787997e+41
39.46000000000074, 8.5880318787997e+41
39.49000000000073, 8.5880318787997e+41
39.52000000000073, 8.5880318787997e+41
39.55000000000073, 8.535355681954099e+41
39.58000000000073, 8.535355681954099e+41
39.61000000000072, 8.535355681954099e+41
39.64000000000072, 8.535355681954099e+41
39.670000000000734, 8.535355681954099e+41
39.700000000000735, 8.535355681954099e+41
39.730000000000736, 8.535355681954099e+41
39.76000000000074, 8.482679485108583e+41
39.79000000000075, 8.482679485108583e+41
39.82000000000074, 8.482679485108583e+41
39.85000000000074, 8.482679485108583e+41
39.88000000000074, 8.377327091417641e+41
39.91000000000076, 8.377327091417641e+41
39.94000000000076, 8.377327091417641e+41
39.97000000000073, 8.377327091417641e+41
