-16.092743280572417, 1.3824331853410655e+41
-15.07999999999987, 4.110555146932857e+41
-15.049999999999873, 4.110555146932857e+41
-15.019999999999872, 4.110555146932857e+41
-14.989999999999878, 4.42661232800579e+41
-14.959999999999877, 4.42661232800579e+41
-14.929999999999875, 4.42661232800579e+41
-14.899999999999874, 4.42661232800579e+41
-14.869999999999873, 4.742669509078739e+41
-14.839999999999876, 4.742669509078739e+41
-14.809999999999878, 4.742669509078739e+41
-14.779999999999877, 5.006050493306221e+41
-14.74999999999988, 5.006050493306221e+41
-14.719999999999882, 5.006050493306221e+41
-14.689999999999884, 5.006050493306221e+41
-14.65999999999988, 5.3221076743791504e+41
-14.629999999999882, 5.3221076743791504e+41
-14.599999999999884, 5.3221076743791504e+41
-14.569999999999887, 5.6908410522975626e+41
-14.539999999999885, 5.6908410522975626e+41
-14.509999999999888, 5.6908410522975626e+41
-14.479999999999887, 5.6908410522975626e+41
-14.44999999999989, 6.059574430216063e+41
-14.419999999999888, 6.059574430216063e+41
-14.389999999999883, 6.059574430216063e+41
-14.359999999999886, 6.059574430216063e+41
-14.329999999999888, 6.4809840049799484e+41
-14.299999999999887, 6.4809840049799484e+41
-14.26999999999989, 6.4809840049799484e+41
-14.239999999999888, 6.902393579743965e+41
-14.20999999999989, 6.902393579743965e+41
-14.17999999999989, 6.902393579743965e+41
-14.149999999999892, 6.902393579743965e+41
-14.119999999999894, 7.323803154507833e+41
-14.089999999999897, 7.323803154507833e+41
-14.059999999999896, 7.323803154507833e+41
-14.029999999999895, 7.639860335580763e+41
-13.999999999999897, 7.639860335580888e+41
-13.969999999999896, 7.639860335580888e+41
-13.939999999999895, 7.639860335580888e+41
-13.909999999999897, 7.955917516653724e+41
-13.8799999999999, 7.955917516653724e+41
-13.849999999999898, 7.955917516653724e+41
-13.8199999999999, 8.271974697726634e+41
-13.7899999999999, 8.271974697726634e+41
-13.759999999999902, 8.271974697726634e+41
-13.729999999999901, 8.271974697726634e+41
-13.699999999999903, 8.640708075645098e+41
-13.669999999999906, 8.640708075645098e+41
-13.639999999999905, 8.640708075645098e+41
-13.609999999999904, 8.798736666181557e+41
-13.579999999999902, 9.009441453563557e+41
-13.549999999999905, 9.009441453563557e+41
-13.51999999999991, 9.009441453563557e+41
-13.48999999999991, 9.430851028327555e+41
-13.459999999999908, 9.430851028327555e+41
-13.429999999999907, 9.430851028327555e+41
-13.39999999999991, 9.430851028327555e+41
-13.369999999999909, 9.8522606030914e+41
-13.339999999999907, 9.8522606030914e+41
-13.30999999999991, 9.8522606030914e+41
-13.279999999999916, 1.0273670177855332e+42
-13.249999999999915, 1.0273670177855332e+42
-13.219999999999914, 1.0273670177855332e+42
-13.189999999999916, 1.0273670177855332e+42
-13.159999999999915, 1.0642403555773683e+42
-13.129999999999914, 1.0642403555773683e+42
-13.099999999999913, 1.0642403555773683e+42
-13.069999999999915, 1.1011136933692344e+42
-13.039999999999921, 1.1011136933692344e+42
-13.00999999999992, 1.1011136933692344e+42
-12.979999999999919, 1.1011136933692344e+42
-12.949999999999918, 1.1327194114765098e+42
-12.919999999999924, 1.1327194114765098e+42
-12.889999999999919, 1.1327194114765282e+42
-12.859999999999921, 1.169592749268362e+42
-12.829999999999917, 1.169592749268362e+42
-12.799999999999923, 1.169592749268362e+42
-12.769999999999921, 1.169592749268362e+42
-12.73999999999992, 1.1959308476911175e+42
-12.70999999999992, 1.1959308476911175e+42
-12.679999999999925, 1.1959308476911175e+42
-12.649999999999924, 1.2117337067447531e+42
-12.619999999999923, 1.232804185482965e+42
-12.589999999999925, 1.232804185482965e+42
-12.559999999999931, 1.232804185482965e+42
-12.529999999999927, 1.2696775232747932e+42
-12.499999999999925, 1.2696775232747932e+42
-12.469999999999924, 1.2696775232747932e+42
-12.43999999999993, 1.2696775232747932e+42
-12.409999999999933, 1.311818480751185e+42
-12.379999999999928, 1.311818480751185e+42
-12.34999999999993, 1.311818480751185e+42
-12.319999999999933, 1.3434241988584978e+42
-12.289999999999932, 1.3434241988584758e+42
-12.259999999999934, 1.3434241988584758e+42
-12.229999999999933, 1.3434241988584758e+42
-12.199999999999939, 1.385565156334879e+42
-12.169999999999938, 1.385565156334879e+42
-12.139999999999937, 1.385565156334879e+42
-12.109999999999935, 1.427706113811272e+42
-12.079999999999941, 1.427706113811272e+42
-12.049999999999937, 1.427706113811272e+42
-12.019999999999936, 1.427706113811272e+42
-11.989999999999934, 1.4593118319185656e+42
-11.95999999999994, 1.4593118319185656e+42
-11.92999999999994, 1.4593118319185656e+42
-11.899999999999935, 1.4961851697104213e+42
-11.869999999999937, 1.4961851697104213e+42
-11.839999999999943, 1.4961851697104213e+42
-11.809999999999942, 1.4961851697104213e+42
-11.77999999999994, 1.5277908878177115e+42
-11.749999999999943, 1.5277908878177115e+42
-11.71999999999995, 1.5277908878177115e+42
-11.689999999999944, 1.5699318452941132e+42
-11.659999999999943, 1.5699318452941132e+42
-11.629999999999946, 1.5699318452941132e+42
-11.599999999999952, 1.5699318452941132e+42
-11.56999999999995, 1.6015375634013892e+42
-11.53999999999995, 1.6015375634013892e+42
-11.509999999999948, 1.6015375634013892e+42
-11.479999999999954, 1.6015375634013892e+42
-11.44999999999995, 1.6489461405623525e+42
-11.419999999999948, 1.6489461405623525e+42
-11.38999999999995, 1.6489461405623256e+42
-11.359999999999957, 1.6805518586696288e+42
-11.329999999999956, 1.6805518586696288e+42
-11.299999999999951, 1.6805518586696288e+42
-11.269999999999953, 1.6805518586696288e+42
-11.239999999999956, 1.727960435830573e+42
-11.209999999999955, 1.727960435830573e+42
-11.179999999999954, 1.727960435830573e+42
-11.149999999999956, 1.7648337736224138e+42
-11.119999999999958, 1.7648337736224138e+42
-11.089999999999957, 1.7648337736224138e+42
-11.059999999999956, 1.7648337736224138e+42
-11.029999999999959, 1.801707111414267e+42
-10.999999999999964, 1.801707111414267e+42
-10.969999999999963, 1.801707111414267e+42
-10.939999999999959, 1.838580449206099e+42
-10.909999999999961, 1.838580449206099e+42
-10.879999999999963, 1.838580449206099e+42
-10.849999999999962, 1.838580449206099e+42
-10.819999999999961, 1.8807214066824937e+42
-10.789999999999967, 1.8807214066824937e+42
-10.75999999999997, 1.8807214066824937e+42
-10.729999999999965, 1.9123271247898084e+42
-10.699999999999964, 1.9123271247898084e+42
-10.66999999999997, 1.9123271247898084e+42
-10.639999999999972, 1.9123271247898084e+42
-10.609999999999967, 1.9597357019507188e+42
-10.579999999999966, 1.9597357019507188e+42
-10.549999999999972, 1.9597357019507188e+42
-10.519999999999971, 2.007144279111688e+42
-10.48999999999997, 2.007144279111688e+42
-10.459999999999969, 2.007144279111688e+42
-10.429999999999975, 2.007144279111688e+42
-7.640000000000018, 3.039597737283298e+42
-7.610000000000017, 3.039597737283298e+42
-7.580000000000016, 3.039597737283298e+42
-7.550000000000022, 3.039597737283298e+42
-7.520000000000021, 3.092273934128792e+42
-7.490000000000016, 3.092273934128792e+42
-7.460000000000015, 3.092273934128792e+42
-7.3100000000000165, 3.2028939475043064e+42
-7.2800000000000225, 3.2028939475043064e+42
-7.250000000000018, 3.2028939475043064e+42
-7.22000000000002, 3.239767285296187e+42
-7.190000000000019, 3.239767285296187e+42
-7.160000000000018, 3.239767285296187e+42
-7.13000000000002, 3.239767285296187e+42
-7.100000000000016, 3.297711101826255e+42
-7.0700000000000145, 3.297711101826255e+42
-7.0400000000000205, 3.297711101826255e+42
-7.010000000000016, 3.3609225380408507e+42
-6.980000000000018, 3.3609225380408507e+42
-6.9500000000000135, 3.3609225380408507e+42
-6.920000000000012, 3.3609225380408507e+42
-6.890000000000015, 3.3977958758326364e+42
-6.860000000000014, 3.3977958758326364e+42
-6.8300000000000125, 3.3977958758326364e+42
-6.5900000000000105, 3.592697804160947e+42
-6.5600000000000165, 3.592697804160947e+42
-6.530000000000012, 3.592697804160947e+42
-6.500000000000011, 3.592697804160947e+42
-6.470000000000013, 3.6295711419528135e+42
-6.440000000000012, 3.6295711419528135e+42
-6.410000000000018, 3.6295711419528135e+42
-6.380000000000017, 3.6295711419528135e+42
-6.350000000000016, 3.655909240375599e+42
-6.320000000000011, 3.655909240375599e+42
-6.29000000000001, 3.655909240375599e+42
-6.260000000000009, 3.682247338798327e+42
-6.2300000000000075, 3.682247338798327e+42
-6.200000000000006, 3.682247338798327e+42
-6.170000000000005, 3.682247338798327e+42
-6.050000000000008, 3.8455435490193286e+42
-6.020000000000007, 3.8455435490193286e+42
-5.9900000000000055, 3.8455435490193286e+42
-5.960000000000008, 3.8455435490193286e+42
-5.930000000000007, 3.871881647442107e+42
-5.900000000000006, 3.871881647442107e+42
-5.8700000000000045, 3.871881647442107e+42
-5.8400000000000105, 3.9192902246029756e+42
-5.810000000000009, 3.9192902246029756e+42
-5.780000000000008, 3.9192902246029756e+42
-5.750000000000007, 3.9192902246029756e+42
-5.720000000000006, 3.971966421448527e+42
-5.690000000000008, 3.971966421448527e+42
-5.660000000000007, 3.971966421448527e+42
-5.629999999999999, 4.035177857663104e+42
-5.600000000000005, 4.035177857663104e+42
-5.570000000000004, 4.035177857663104e+42
-5.540000000000003, 4.035177857663104e+42
-5.510000000000002, 4.0667835757704435e+42
-5.48, 4.0667835757704435e+42
-5.450000000000006, 4.0667835757704435e+42
-5.420000000000005, 4.108924533246789e+42
-5.390000000000004, 4.108924533246789e+42
-5.36000000000001, 4.108924533246789e+42
-5.330000000000009, 4.108924533246789e+42
-5.300000000000001, 4.124727392300435e+42
-5.27, 4.124727392300435e+42
-5.239999999999998, 4.124727392300435e+42
-5.090000000000003, 4.303826461575118e+42
-5.060000000000002, 4.303826461575118e+42
-5.030000000000001, 4.303826461575118e+42
-5, 4.303826461575118e+42
-4.970000000000006, 4.3354321796823785e+42
-4.940000000000005, 4.3354321796823785e+42
-4.91, 4.3354321796823785e+42
-4.879999999999999, 4.356502658420634e+42
-4.849999999999998, 4.356502658420634e+42
-4.820000000000004, 4.356502658420634e+42
-4.790000000000003, 4.356502658420634e+42
-4.759999999999998, 4.4197140946352115e+42
-4.729999999999997, 4.4197140946352115e+42
-4.699999999999996, 4.4197140946352115e+42
-4.669999999999998, 4.451319812742496e+42
-4.639999999999997, 4.451319812742496e+42
-4.609999999999996, 4.451319812742496e+42
-4.579999999999995, 4.451319812742496e+42
-4.54999999999999, 4.498728389903402e+42
-4.519999999999996, 4.498728389903402e+42
-4.489999999999995, 4.498728389903402e+42
-4.459999999999994, 4.551404586748952e+42
-4.429999999999993, 4.551404586748952e+42
-4.399999999999999, 4.551404586748952e+42
-4.369999999999997, 4.551404586748952e+42
-4.339999999999996, 4.551404586748952e+42
-4.309999999999992, 4.551404586748952e+42
-4.2799999999999905, 4.551404586748952e+42
-4.129999999999992, 4.751574134761804e+42
-4.099999999999991, 4.751574134761804e+42
-4.06999999999999, 4.751574134761804e+42
-4.0399999999999885, 4.75684175444641e+42
-4.0099999999999945, 4.75684175444641e+42
-3.9799999999999933, 4.75684175444641e+42
-3.9499999999999993, 4.75684175444641e+42
-3.9199999999999946, 4.772644613499949e+42
-3.8899999999999935, 4.772644613499949e+42
-3.8599999999999923, 4.772644613499949e+42
-3.8299999999999983, 4.7884474725536265e+42
-3.799999999999997, 4.7884474725536265e+42
-3.769999999999996, 4.7884474725536265e+42
-3.739999999999988, 4.7884474725536265e+42
-3.7099999999999937, 4.804250331607248e+42
-3.6799999999999926, 4.804250331607248e+42
-3.6500000000000057, 4.804250331607248e+42
-3.6199999999999974, 4.804250331607248e+42
-3.5899999999999963, 4.8253208103454897e+42
-3.559999999999995, 4.8253208103454897e+42
-3.529999999999994, 4.8253208103454897e+42
-3.499999999999993, 4.85692652845282e+42
-3.4699999999999918, 4.85692652845282e+42
-3.4399999999999977, 4.85692652845282e+42
-3.4099999999999966, 4.85692652845282e+42
-3.0799999999999983, 5.004419879620141e+42
-3.04999999999999, 5.004419879620141e+42
-3.020000000000003, 5.004419879620141e+42
-2.989999999999995, 5.004419879620141e+42
-2.960000000000001, 5.057096076465688e+42
-2.9299999999999997, 5.057096076465688e+42
-2.8999999999999986, 5.057096076465688e+42
-2.8700000000000045, 5.1150398929956784e+42
-2.8400000000000034, 5.1150398929956784e+42
-2.8100000000000023, 5.1150398929956784e+42
-2.780000000000001, 5.1150398929956784e+42
-2.75, 5.172983709525721e+42
-2.719999999999999, 5.172983709525721e+42
-2.6899999999999977, 5.172983709525721e+42
-2.6600000000000037, 5.188786568579344e+42
-2.6300000000000097, 5.188786568579344e+42
-2.6000000000000014, 5.188786568579344e+42
-2.5700000000000003, 5.188786568579344e+42
-2.5400000000000063, 5.209857047317603e+42
-2.510000000000005, 5.209857047317603e+42
-2.480000000000004, 5.209857047317603e+42
-2.4499999999999957, 5.246730385109363e+42
-2.4199999999999946, 5.246730385109363e+42
-2.3899999999999935, 5.246730385109363e+42
-2.3600000000000065, 5.246730385109363e+42
-2.3300000000000054, 5.246730385109363e+42
-2.3000000000000043, 5.246730385109363e+42
-2.269999999999996, 5.246730385109363e+42
-2.240000000000002, 5.288871342585801e+42
-2.210000000000001, 5.288871342585801e+42
-2.1799999999999997, 5.288871342585801e+42
-2.1500000000000057, 5.288871342585801e+42
-2.1200000000000045, 5.30467420163946e+42
-2.0900000000000034, 5.30467420163946e+42
-2.0600000000000094, 5.30467420163946e+42
-2.0300000000000082, 5.30467420163946e+42
-2, 5.3204770606930985e+42
-1.9699999999999989, 5.3204770606930985e+42
-1.9399999999999977, 5.3204770606930985e+42
-1.9099999999999966, 5.362618018169522e+42
-1.8800000000000097, 5.362618018169522e+42
-1.8500000000000085, 5.362618018169522e+42
-1.8200000000000074, 5.362618018169522e+42
-1.7899999999999991, 5.362618018169522e+42
-1.7600000000000051, 5.362618018169522e+42
-1.7299999999999969, 5.362618018169522e+42
-1.7000000000000028, 5.404758975645884e+42
-1.6700000000000017, 5.404758975645884e+42
-1.6400000000000077, 5.404758975645884e+42
-1.6100000000000065, 5.404758975645884e+42
-1.5800000000000054, 5.404758975645884e+42
-1.5500000000000043, 5.404758975645884e+42
-1.5200000000000031, 5.404758975645884e+42
-1.490000000000009, 5.404758975645884e+42
-1.460000000000008, 5.404758975645884e+42
-1.4299999999999997, 5.404758975645884e+42
-1.4000000000000057, 5.404758975645884e+42
-1.3700000000000045, 5.441632313437778e+42
-1.3400000000000034, 5.441632313437778e+42
-1.3100000000000094, 5.441632313437778e+42
-1.2800000000000082, 5.441632313437778e+42
-1.250000000000007, 5.441632313437778e+42
-1.220000000000006, 5.441632313437778e+42
-1.190000000000012, 5.441632313437778e+42
-1.1600000000000037, 5.47850565122959e+42
-1.1299999999999955, 5.47850565122959e+42
-1.1000000000000014, 5.47850565122959e+42
-1.0700000000000074, 5.47850565122959e+42
-1.0399999999999991, 5.47850565122959e+42
-1.0100000000000051, 5.47850565122959e+42
-0.9799999999999969, 5.47850565122959e+42
-0.9500000000000028, 5.5206466087059776e+42
-0.9200000000000088, 5.5206466087059776e+42
-0.8900000000000077, 5.5206466087059776e+42
-0.8600000000000065, 5.5206466087059776e+42
-0.8300000000000054, 5.5206466087059776e+42
-0.7999999999999972, 5.5206466087059776e+42
-0.7700000000000102, 5.5206466087059776e+42
-0.740000000000002, 5.5206466087059776e+42
-0.710000000000008, 5.5206466087059776e+42
-0.6800000000000068, 5.5206466087059776e+42
-0.6499999999999986, 5.5206466087059776e+42
-0.6200000000000045, 5.5206466087059776e+42
-0.5900000000000034, 5.5206466087059776e+42
-0.5600000000000023, 5.5206466087059776e+42
-0.5300000000000153, 5.5417170874442053e+42
-0.5000000000000071, 5.5417170874442053e+42
-0.4700000000000131, 5.5417170874442053e+42
-0.44000000000000483, 5.5417170874442053e+42
-0.4100000000000037, 5.562787566182357e+42
-0.37999999999999545, 5.562787566182357e+42
-0.3500000000000085, 5.562787566182357e+42
-0.3200000000000003, 5.562787566182357e+42
-0.29000000000000625, 5.562787566182357e+42
-0.259999999999998, 5.562787566182357e+42
-0.23000000000000398, 5.562787566182357e+42
-0.20000000000000284, 5.562787566182357e+42
-0.1700000000000017, 5.562787566182357e+42
-0.14000000000000767, 5.562787566182357e+42
-0.11000000000000654, 5.562787566182357e+42
-0.0799999999999983, 5.562787566182357e+42
-0.05000000000000426, 5.562787566182357e+42
-0.01999999999999602, 5.562787566182357e+42
0.00999999999999801, 5.578590425236054e+42
0.039999999999984936, 5.578590425236054e+42
0.06999999999999318, 5.578590425236054e+42
0.09999999999998721, 5.578590425236054e+42
0.12999999999999545, 5.578590425236054e+42
0.1599999999999966, 5.578590425236054e+42
0.18999999999999773, 5.578590425236054e+42
0.21999999999999176, 5.578590425236054e+42
0.2499999999999929, 5.578590425236054e+42
0.27999999999999403, 5.578590425236054e+42
0.30999999999999517, 5.562787566182357e+42
0.3399999999999963, 5.562787566182357e+42
0.36999999999999744, 5.562787566182357e+42
0.3999999999999986, 5.562787566182357e+42
0.4299999999999997, 5.562787566182357e+42
0.45999999999999375, 5.562787566182357e+42
0.4899999999999949, 5.562787566182357e+42
0.5200000000000031, 5.562787566182357e+42
0.5499999999999972, 5.562787566182357e+42
0.5800000000000054, 5.562787566182357e+42
0.6099999999999923, 5.562787566182357e+42
0.6399999999999935, 5.562787566182357e+42
0.6700000000000017, 5.562787566182357e+42
0.6999999999999957, 5.562787566182357e+42
0.7299999999999969, 5.5417170874442053e+42
0.759999999999998, 5.5417170874442053e+42
0.789999999999992, 5.5417170874442053e+42
0.8199999999999932, 5.5417170874442053e+42
0.8499999999999872, 5.5206466087059776e+42
0.8799999999999955, 5.5206466087059776e+42
0.9099999999999966, 5.5206466087059776e+42
0.9399999999999977, 5.5206466087059776e+42
0.9699999999999989, 5.5206466087059776e+42
0.9999999999999929, 5.5206466087059776e+42
1.029999999999994, 5.5206466087059776e+42
1.0600000000000023, 5.5206466087059776e+42
1.0899999999999963, 5.5206466087059776e+42
1.1200000000000045, 5.5206466087059776e+42
1.1499999999999915, 5.5206466087059776e+42
1.1799999999999926, 5.5206466087059776e+42
1.2099999999999937, 5.5206466087059776e+42
1.2399999999999949, 5.5206466087059776e+42
1.2700000000000031, 5.47850565122959e+42
1.2999999999999972, 5.47850565122959e+42
1.3300000000000054, 5.47850565122959e+42
1.3599999999999994, 5.47850565122959e+42
1.3899999999999935, 5.47850565122959e+42
1.4199999999999946, 5.47850565122959e+42
1.4499999999999957, 5.47850565122959e+42
1.4799999999999969, 5.47850565122959e+42
1.509999999999998, 5.47850565122959e+42
1.5399999999999991, 5.47850565122959e+42
1.5700000000000003, 5.47850565122959e+42
1.5999999999999943, 5.436364693753226e+42
1.6299999999999955, 5.436364693753226e+42
1.6599999999999966, 5.436364693753226e+42
1.6899999999999906, 5.436364693753226e+42
1.7199999999999989, 5.436364693753226e+42
1.749999999999993, 5.436364693753226e+42
1.779999999999994, 5.436364693753226e+42
1.809999999999988, 5.436364693753226e+42
1.8399999999999963, 5.436364693753226e+42
1.8699999999999974, 5.436364693753226e+42
1.8999999999999986, 5.3942237362768167e+42
1.9300000000000068, 5.3942237362768167e+42
1.9599999999999937, 5.3942237362768167e+42
1.9899999999999949, 5.3942237362768167e+42
2.019999999999996, 5.3942237362768167e+42
2.049999999999997, 5.3942237362768167e+42
2.0800000000000054, 5.3942237362768167e+42
2.1099999999999994, 5.3784208772231417e+42
2.1400000000000006, 5.3784208772231417e+42
2.1699999999999946, 5.3784208772231417e+42
2.200000000000003, 5.3784208772231417e+42
2.2299999999999898, 5.341547539431302e+42
2.259999999999998, 5.341547539431302e+42
2.289999999999992, 5.341547539431302e+42
2.319999999999993, 5.3204770606930985e+42
2.3500000000000014, 5.3204770606930985e+42
2.3799999999999955, 5.3204770606930985e+42
2.4100000000000037, 5.3204770606930985e+42
2.4399999999999906, 5.299406581954905e+42
2.4699999999999918, 5.299406581954905e+42
2.499999999999993, 5.299406581954905e+42
2.529999999999994, 5.262533244163098e+42
2.559999999999995, 5.262533244163098e+42
2.589999999999989, 5.262533244163098e+42
2.6199999999999903, 5.262533244163098e+42
2.6499999999999915, 5.241462765424867e+42
2.6799999999999997, 5.241462765424867e+42
2.7099999999999937, 5.241462765424867e+42
2.740000000000002, 5.204589427633039e+42
2.769999999999989, 5.204589427633039e+42
2.79999999999999, 5.204589427633039e+42
2.829999999999991, 5.204589427633039e+42
2.8599999999999923, 5.188786568579344e+42
2.8899999999999935, 5.188786568579344e+42
2.9199999999999875, 5.188786568579344e+42
2.9499999999999886, 5.146645611103005e+42
2.9799999999999898, 5.146645611103005e+42
3.009999999999984, 5.146645611103005e+42
3.039999999999992, 5.146645611103005e+42
3.069999999999993, 5.125575132364717e+42
3.0999999999999943, 5.125575132364717e+42
3.1299999999999883, 5.125575132364717e+42
3.1599999999999895, 5.109772273311159e+42
3.1899999999999835, 5.109772273311159e+42
3.2199999999999918, 5.109772273311159e+42
3.249999999999986, 5.109772273311159e+42
3.279999999999987, 5.0728989355192316e+42
3.309999999999988, 5.0728989355192316e+42
3.339999999999989, 5.0728989355192316e+42
3.3699999999999974, 5.0728989355192316e+42
3.3999999999999844, 5.0360255977274266e+42
3.4299999999999855, 5.0360255977274266e+42
3.4599999999999866, 5.0360255977274266e+42
3.489999999999995, 4.99915225993559e+42
3.519999999999989, 4.99915225993559e+42
3.549999999999983, 4.99915225993559e+42
3.579999999999977, 4.99915225993559e+42
3.609999999999985, 4.962278922143759e+42
3.6399999999999864, 4.962278922143759e+42
3.6699999999999875, 4.962278922143759e+42
3.6999999999999957, 4.925405584351854e+42
3.7299999999999827, 4.925405584351854e+42
3.759999999999991, 4.9254055843519345e+42
3.789999999999985, 4.9254055843519345e+42
3.819999999999979, 4.9043351056137284e+42
3.849999999999987, 4.9043351056137284e+42
3.879999999999974, 4.9043351056137284e+42
3.9099999999999824, 4.88853224656009e+42
3.9399999999999835, 4.88853224656009e+42
3.9699999999999918, 4.88853224656009e+42
3.999999999999986, 4.88853224656009e+42
4.029999999999994, 4.85692652845282e+42
4.059999999999981, 4.85692652845282e+42
4.089999999999982, 4.85692652845282e+42
4.119999999999983, 4.8147855709763947e+42
4.149999999999984, 4.8147855709763947e+42
4.179999999999978, 4.8147855709763947e+42
4.209999999999987, 4.8147855709763947e+42
4.239999999999988, 4.7831798528690806e+42
4.269999999999989, 4.7831798528690806e+42
4.299999999999976, 4.7831798528690806e+42
4.329999999999984, 4.7463065150772757e+42
4.359999999999985, 4.7463065150772757e+42
4.389999999999986, 4.7463065150772757e+42
4.4199999999999875, 4.7463065150772757e+42
4.449999999999989, 4.714700796969981e+42
4.47999999999999, 4.714700796969981e+42
4.509999999999991, 4.714700796969981e+42
4.539999999999992, 4.6830950788626525e+42
4.569999999999993, 4.6830950788626525e+42
4.599999999999987, 4.6830950788626525e+42
4.629999999999988, 4.6830950788626525e+42
4.6599999999999895, 4.640954121386286e+42
4.689999999999991, 4.640954121386286e+42
4.719999999999992, 4.640954121386286e+42
4.749999999999986, 4.6093484032789776e+42
4.779999999999987, 4.6093484032789776e+42
4.809999999999988, 4.6093484032789776e+42
4.839999999999989, 4.6093484032789776e+42
4.869999999999997, 4.5777426851716623e+42
4.899999999999999, 4.5777426851716623e+42
4.929999999999993, 4.5777426851716623e+42
4.959999999999987, 4.5461369670643217e+42
4.989999999999995, 4.5461369670643217e+42
5.019999999999982, 4.5461369670643217e+42
5.04999999999999, 4.5461369670643217e+42
5.079999999999991, 4.5092636292725217e+42
5.109999999999992, 4.5092636292725217e+42
5.1399999999999935, 4.5092636292725217e+42
5.170000000000002, 4.4776579111652695e+42
5.199999999999996, 4.4776579111652695e+42
5.22999999999999, 4.4776579111652695e+42
5.259999999999991, 4.4776579111652695e+42
5.289999999999992, 4.446052193057965e+42
5.319999999999993, 4.446052193057965e+42
5.349999999999994, 4.446052193057965e+42
5.3799999999999955, 4.4144464749506346e+42
5.409999999999997, 4.3986436158969973e+42
5.439999999999998, 4.3986436158969973e+42
5.469999999999999, 4.3986436158969973e+42
5.499999999999993, 4.367037897789663e+42
5.529999999999994, 4.367037897789663e+42
5.560000000000002, 4.367037897789663e+42
5.589999999999996, 4.367037897789663e+42
5.619999999999997, 4.3354321796823785e+42
5.6499999999999915, 4.3354321796823785e+42
5.68, 4.3354321796823785e+42
5.709999999999994, 4.303826461575118e+42
5.739999999999995, 4.303826461575118e+42
5.769999999999989, 4.303826461575118e+42
5.79999999999999, 4.303826461575118e+42
5.829999999999998, 4.2564178844142017e+42
5.859999999999992, 4.2564178844142017e+42
5.890000000000001, 4.2564178844142017e+42
5.920000000000002, 4.2248121663068696e+42
5.950000000000003, 4.2248121663068696e+42
5.979999999999997, 4.2248121663068696e+42
6.009999999999998, 4.2248121663068696e+42
6.040000000000006, 4.1932064481995673e+42
6.069999999999993, 4.1932064481995673e+42
6.100000000000001, 4.1932064481995673e+42
6.130000000000003, 4.1457978710386625e+42
6.160000000000004, 4.1457978710385944e+42
6.189999999999998, 4.1457978710385944e+42
6.220000000000006, 4.1457978710386625e+42
6.25, 4.119459772615899e+42
6.280000000000001, 4.119459772615899e+42
6.310000000000002, 4.119459772615899e+42
6.340000000000003, 4.087854054508614e+42
6.3700000000000045, 4.087854054508614e+42
6.400000000000006, 4.087854054508614e+42
6.430000000000007, 4.087854054508614e+42
6.460000000000001, 4.056248336401361e+42
6.490000000000002, 4.056248336401361e+42
6.519999999999996, 4.056248336401361e+42
6.550000000000004, 4.0088397592403093e+42
6.5800000000000125, 4.0088397592403093e+42
6.6100000000000065, 4.0088397592403093e+42
6.640000000000015, 4.0088397592403093e+42
6.670000000000002, 3.98250166081759e+42
6.700000000000003, 3.98250166081759e+42
6.730000000000004, 3.98250166081759e+42
6.760000000000005, 3.9403607033412114e+42
6.790000000000006, 3.9403607033412114e+42
6.820000000000007, 3.9403607033412114e+42
6.8500000000000085, 3.9403607033412114e+42
6.88000000000001, 3.908754985233911e+42
6.910000000000018, 3.908754985233911e+42
6.940000000000005, 3.908754985233911e+42
6.970000000000006, 3.8824168868112084e+42
7.000000000000007, 3.8824168868112084e+42
7.030000000000008, 3.8824168868112084e+42
7.060000000000002, 3.8824168868112084e+42
7.090000000000018, 3.850811168703883e+42
7.120000000000012, 3.850811168703883e+42
7.150000000000013, 3.850811168703883e+42
7.180000000000014, 3.824473070281169e+42
7.210000000000008, 3.824473070281169e+42
7.240000000000009, 3.824473070281169e+42
7.27000000000001, 3.824473070281169e+42
7.300000000000011, 3.782332112804779e+42
7.330000000000005, 3.782332112804779e+42
7.360000000000014, 3.782332112804779e+42
7.390000000000015, 3.7507263946974576e+42
7.420000000000016, 3.7507263946974576e+42
7.45000000000001, 3.7507263946974576e+42
7.480000000000018, 3.7507263946974576e+42
7.510000000000005, 3.7296559159592806e+42
7.540000000000013, 3.7296559159592806e+42
7.570000000000007, 3.7296559159592806e+42
7.600000000000016, 3.7138530569055895e+42
7.63000000000001, 3.6980501978519307e+42
7.660000000000004, 3.6980501978519307e+42
7.690000000000012, 3.6980501978519307e+42
7.720000000000013, 3.661176860060067e+42
7.750000000000021, 3.661176860060067e+42
7.780000000000015, 3.661176860060067e+42
7.8100000000000165, 3.661176860060067e+42
7.840000000000018, 3.634838761637331e+42
7.870000000000019, 3.634838761637331e+42
7.900000000000013, 3.634838761637331e+42
7.930000000000014, 3.603233043530046e+42
7.960000000000015, 3.603233043530046e+42
7.990000000000016, 3.603233043530046e+42
8.020000000000017, 3.603233043530046e+42
8.050000000000011, 3.5821625647918746e+42
8.080000000000005, 3.5821625647918746e+42
8.110000000000014, 3.5821625647918746e+42
8.140000000000015, 3.550556846684585e+42
8.170000000000016, 3.550556846684585e+42
8.20000000000001, 3.550556846684585e+42
8.230000000000011, 3.550556846684585e+42
8.260000000000012, 3.5294863679464275e+42
8.29, 3.5294863679464275e+42
8.32, 3.5294863679464275e+42
8.350000000000001, 3.5031482695236755e+42
8.380000000000003, 3.5031482695236755e+42
8.410000000000004, 3.5031482695236755e+42
8.440000000000005, 3.5031482695236755e+42
8.470000000000006, 3.4926130301545384e+42
8.500000000000007, 3.4926130301545384e+42
8.530000000000001, 3.4926130301545384e+42
8.560000000000002, 3.4610073120472256e+42
8.590000000000003, 3.4610073120472256e+42
8.620000000000005, 3.4610073120472256e+42
8.650000000000006, 3.4610073120472256e+42
8.68, 3.4399368333090715e+42
8.71, 3.4399368333090715e+42
8.740000000000002, 3.4399368333090715e+42
8.769999999999996, 3.413598734886308e+42
8.79999999999999, 3.413598734886308e+42
8.829999999999998, 3.413598734886308e+42
8.859999999999992, 3.413598734886308e+42
8.889999999999993, 3.387260636463538e+42
8.919999999999995, 3.387260636463538e+42
8.949999999999996, 3.387260636463538e+42
8.980000000000004, 3.366190157725372e+42
9.009999999999984, 3.366190157725372e+42
9.039999999999992, 3.366190157725372e+42
9.069999999999986, 3.366190157725372e+42
9.099999999999994, 3.339852059302643e+42
9.129999999999995, 3.339852059302643e+42
9.15999999999999, 3.339852059302643e+42
9.18999999999999, 3.3135139608798845e+42
9.219999999999992, 3.3135139608798845e+42
9.249999999999986, 3.3135139608798845e+42
9.279999999999987, 3.3135139608798845e+42
9.309999999999988, 3.2871758624571294e+42
9.33999999999999, 3.2871758624571294e+42
9.36999999999999, 3.2871758624571294e+42
9.399999999999977, 3.2766406230880326e+42
9.429999999999986, 3.2766406230880326e+42
9.459999999999987, 3.2766406230880326e+42
9.489999999999974, 3.2766406230880326e+42
9.519999999999982, 3.2661053837189685e+42
9.549999999999983, 3.2661053837189685e+42
9.579999999999984, 3.2661053837189685e+42
9.609999999999985, 3.2450349049807154e+42
9.63999999999998, 3.2450349049807154e+42
9.669999999999987, 3.2450349049807154e+42
9.699999999999982, 3.2450349049807154e+42
9.729999999999976, 3.21869680655801e+42
9.75999999999997, 3.21869680655801e+42
9.789999999999978, 3.21869680655801e+42
9.819999999999979, 3.2081615671889266e+42
9.84999999999998, 3.192358708135265e+42
9.879999999999981, 3.192358708135265e+42
9.909999999999975, 3.192358708135265e+42
9.939999999999976, 3.1712882293970437e+42
9.96999999999997, 3.1712882293970437e+42
9.999999999999972, 3.1712882293970437e+42
10.029999999999973, 3.1712882293970437e+42
10.059999999999967, 3.1502177506588524e+42
10.089999999999975, 3.1502177506588524e+42
10.119999999999962, 3.1502177506588524e+42
10.14999999999997, 3.1502177506588524e+42
10.179999999999971, 3.1502177506588524e+42
10.209999999999958, 3.1502177506588524e+42
10.239999999999966, 3.1502177506588524e+42
10.26999999999996, 3.129147271920678e+42
10.299999999999962, 3.129147271920678e+42
10.32999999999997, 3.129147271920678e+42
10.359999999999964, 3.102809173497931e+42
10.389999999999972, 3.102809173497931e+42
10.419999999999966, 3.102809173497931e+42
10.44999999999996, 3.102809173497931e+42
10.479999999999961, 3.076471075075153e+42
10.509999999999962, 3.076471075075153e+42
10.539999999999964, 3.076471075075153e+42
10.569999999999965, 3.055400596336939e+42
10.599999999999959, 3.055400596336939e+42
10.629999999999967, 3.055400596336939e+42
10.659999999999961, 3.055400596336939e+42
10.689999999999948, 3.0343301175987345e+42
10.719999999999956, 3.0343301175987345e+42
10.74999999999995, 3.0343301175987345e+42
10.779999999999959, 3.0132596388605965e+42
10.80999999999996, 3.0132596388605965e+42
10.839999999999954, 3.0132596388605965e+42
10.869999999999955, 3.0132596388605965e+42
10.899999999999956, 2.9921891601223855e+42
10.929999999999943, 2.9921891601223855e+42
10.959999999999951, 2.9921891601223855e+42
10.989999999999945, 2.965851061699605e+42
11.019999999999953, 2.965851061699605e+42
11.049999999999947, 2.965851061699605e+42
11.079999999999949, 2.965851061699605e+42
11.10999999999995, 2.9553158223305236e+42
11.13999999999995, 2.9553158223305236e+42
11.169999999999945, 2.9553158223305236e+42
11.199999999999946, 2.9342453435923045e+42
11.229999999999947, 2.9342453435923045e+42
11.259999999999941, 2.9342453435923045e+42
11.28999999999995, 2.9342453435923045e+42
11.31999999999995, 2.923710104223231e+42
11.349999999999945, 2.923710104223231e+42
11.379999999999953, 2.923710104223231e+42
11.40999999999994, 2.902639625485062e+42
11.43999999999994, 2.902639625485062e+42
11.469999999999942, 2.902639625485062e+42
11.499999999999943, 2.902639625485062e+42
11.529999999999944, 2.881569146746825e+42
11.559999999999938, 2.881569146746825e+42
11.58999999999994, 2.881569146746825e+42
11.61999999999994, 2.8710339073777445e+42
11.649999999999935, 2.8710339073777445e+42
11.679999999999929, 2.8710339073777445e+42
11.709999999999937, 2.8710339073777445e+42
11.739999999999938, 2.849963428639549e+42
11.76999999999994, 2.849963428639549e+42
11.799999999999933, 2.849963428639549e+42
11.829999999999934, 2.839428189270478e+42
11.859999999999935, 2.839428189270478e+42
11.88999999999993, 2.839428189270478e+42
11.91999999999993, 2.839428189270478e+42
11.949999999999925, 2.8183577105322695e+42
11.979999999999933, 2.8183577105322695e+42
12.009999999999934, 2.8183577105322695e+42
12.039999999999928, 2.8183577105322695e+42
12.06999999999993, 2.7972872317940894e+42
12.09999999999993, 2.7972872317940894e+42
12.129999999999917, 2.7972872317940894e+42
12.159999999999918, 2.7867519924249746e+42
12.189999999999927, 2.7867519924249746e+42
12.21999999999992, 2.7867519924249746e+42
12.249999999999929, 2.7867519924249746e+42
12.279999999999923, 2.7656815136867636e+42
12.309999999999931, 2.7656815136867636e+42
12.339999999999925, 2.7656815136867636e+42
12.36999999999992, 2.7498786546330834e+42
12.399999999999913, 2.7498786546330834e+42
12.429999999999922, 2.7498786546330834e+42
12.459999999999923, 2.7498786546330834e+42
12.489999999999924, 2.7182729365257965e+42
12.519999999999918, 2.718272936525841e+42
12.549999999999919, 2.718272936525841e+42
12.57999999999992, 2.6972024577876353e+42
12.609999999999914, 2.6972024577876353e+42
12.639999999999915, 2.6972024577876353e+42
12.669999999999916, 2.6972024577876353e+42
12.699999999999918, 2.6866672184185277e+42
12.729999999999926, 2.6866672184185277e+42
12.759999999999913, 2.6866672184185277e+42
12.789999999999914, 2.6761319790494073e+42
12.819999999999915, 2.6761319790494073e+42
12.849999999999909, 2.6761319790494073e+42
12.87999999999991, 2.6761319790494073e+42
12.909999999999911, 2.6603291199957404e+42
12.939999999999905, 2.6603291199957404e+42
12.969999999999906, 2.6603291199957404e+42
12.999999999999915, 2.6497938806266695e+42
13.029999999999909, 2.6497938806266695e+42
13.05999999999991, 2.6497938806266695e+42
13.089999999999904, 2.6497938806266695e+42
13.119999999999905, 2.6497938806266695e+42
13.149999999999906, 2.6497938806266695e+42
13.179999999999907, 2.6497938806266695e+42
13.209999999999908, 2.628723401888453e+42
13.239999999999903, 2.628723401888453e+42
13.269999999999897, 2.628723401888453e+42
13.299999999999898, 2.628723401888453e+42
13.329999999999899, 2.623455782203916e+42
13.359999999999893, 2.623455782203916e+42
13.389999999999901, 2.623455782203916e+42
13.419999999999895, 2.612920542834836e+42
13.449999999999903, 2.612920542834836e+42
13.479999999999897, 2.612920542834836e+42
13.509999999999891, 2.612920542834836e+42
13.539999999999893, 2.591850064096633e+42
13.569999999999887, 2.591850064096633e+42
13.599999999999895, 2.591850064096633e+42
13.629999999999896, 2.5813148247275196e+42
13.659999999999897, 2.5813148247275196e+42
13.689999999999898, 2.5813148247275196e+42
13.719999999999892, 2.5813148247275196e+42
13.749999999999893, 2.570779585358428e+42
13.779999999999887, 2.570779585358428e+42
13.809999999999889, 2.570779585358428e+42
13.83999999999989, 2.5497091066202494e+42
13.86999999999989, 2.5497091066202494e+42
13.899999999999892, 2.5497091066202494e+42
13.929999999999893, 2.5497091066202494e+42
13.959999999999887, 2.5444414869357084e+42
13.989999999999888, 2.5444414869357084e+42
14.019999999999882, 2.5444414869357084e+42
14.049999999999883, 2.5444414869357084e+42
14.079999999999885, 2.5391738672511263e+42
14.109999999999886, 2.5391738672511263e+42
14.139999999999887, 2.5391738672511263e+42
14.169999999999881, 2.5286386278820335e+42
14.199999999999882, 2.5286386278820335e+42
14.229999999999876, 2.5286386278820335e+42
14.259999999999877, 2.5286386278820335e+42
14.289999999999878, 2.5075681491438602e+42
14.319999999999872, 2.5075681491438602e+42
14.34999999999988, 2.5075681491438602e+42
14.379999999999875, 2.486497670405637e+42
14.409999999999883, 2.486497670405637e+42
14.439999999999877, 2.486497670405637e+42
14.469999999999871, 2.486497670405637e+42
14.499999999999872, 2.475962431036538e+42
14.529999999999873, 2.475962431036538e+42
14.559999999999874, 2.475962431036538e+42
14.589999999999868, 2.465427191667447e+42
14.619999999999877, 2.465427191667447e+42
14.649999999999878, 2.465427191667447e+42
14.679999999999872, 2.465427191667447e+42
14.709999999999866, 2.4548919522983763e+42
14.739999999999874, 2.4548919522983763e+42
14.769999999999861, 2.4548919522983763e+42
14.799999999999862, 2.4338214735601593e+42
14.82999999999987, 2.4338214735601593e+42
14.859999999999872, 2.4338214735601593e+42
14.889999999999873, 2.4338214735601593e+42
14.91999999999986, 2.4180186145064797e+42
14.94999999999986, 2.4180186145064797e+42
14.979999999999862, 2.4180186145064797e+42
15.009999999999863, 2.407483375137417e+42
15.039999999999864, 2.407483375137417e+42
15.069999999999865, 2.407483375137417e+42
15.099999999999874, 2.407483375137417e+42
15.129999999999868, 2.396948135768293e+42
15.159999999999854, 2.396948135768293e+42
15.189999999999863, 2.396948135768293e+42
15.219999999999864, 2.3442719389228108e+42
15.249999999999858, 2.3442719389228108e+42
15.279999999999859, 2.3442719389228108e+42
15.30999999999986, 2.3442719389228108e+42
15.759999999999849, 2.2599900239700623e+42
15.78999999999985, 2.2599900239700623e+42
15.819999999999851, 2.2599900239700623e+42
15.849999999999852, 2.2441871649163978e+42
15.879999999999846, 2.2441871649163978e+42
15.90999999999984, 2.2441871649163978e+42
15.939999999999849, 2.2441871649163978e+42
15.969999999999843, 2.2441871649163978e+42
15.999999999999844, 2.2441871649163978e+42
16.029999999999845, 2.2441871649163978e+42
16.059999999999846, 2.2336519255472703e+42
16.089999999999847, 2.2336519255472703e+42
16.11999999999985, 2.2336519255472703e+42
16.149999999999856, 2.2336519255472703e+42
16.179999999999843, 2.2283843058627228e+42
16.209999999999845, 2.2283843058627228e+42
16.239999999999853, 2.2283843058627228e+42
16.269999999999847, 2.2283843058627228e+42
16.299999999999848, 2.217849066493661e+42
16.32999999999985, 2.217849066493661e+42
16.359999999999857, 2.217849066493661e+42
16.38999999999986, 2.212581446809084e+42
16.419999999999852, 2.212581446809084e+42
16.44999999999986, 2.212581446809084e+42
16.479999999999862, 2.212581446809084e+42
16.509999999999863, 2.19677858775545e+42
16.539999999999857, 2.19677858775545e+42
16.569999999999858, 2.19677858775545e+42
16.59999999999986, 2.1809757287018105e+42
16.629999999999868, 2.1809757287018105e+42
16.65999999999986, 2.1809757287018105e+42
16.68999999999987, 2.1809757287018105e+42
16.71999999999987, 2.1651728696481696e+42
16.749999999999872, 2.1651728696481696e+42
16.779999999999873, 2.1651728696481696e+42
16.809999999999874, 2.1546376302790777e+42
16.839999999999883, 2.1546376302790777e+42
16.869999999999877, 2.1546376302790777e+42
16.899999999999878, 2.1546376302790777e+42
16.929999999999872, 2.1493700105945042e+42
16.95999999999988, 2.1493700105945042e+42
16.989999999999874, 2.1493700105945042e+42
17.019999999999875, 2.1335671515408633e+42
17.049999999999883, 2.1335671515408633e+42
17.079999999999885, 2.1335671515408633e+42
17.109999999999886, 2.1335671515408633e+42
17.139999999999887, 2.117764292487233e+42
17.169999999999888, 2.117764292487233e+42
17.19999999999989, 2.117764292487233e+42
17.22999999999989, 2.101961433433554e+42
17.25999999999989, 2.101961433433554e+42
17.289999999999885, 2.101961433433554e+42
17.319999999999887, 2.101961433433554e+42
17.349999999999895, 2.0914261940644743e+42
17.37999999999989, 2.0914261940644743e+42
17.409999999999897, 2.0914261940644743e+42
17.4399999999999, 2.0808909546953546e+42
17.4699999999999, 2.0808909546953546e+42
17.4999999999999, 2.0808909546953546e+42
17.5299999999999, 2.0808909546953546e+42
17.559999999999903, 2.0703557153262952e+42
17.58999999999991, 2.0703557153262952e+42
17.619999999999905, 2.0703557153262952e+42
17.6499999999999, 2.0545528562726214e+42
17.6799999999999, 2.0545528562726214e+42
17.7099999999999, 2.0545528562726214e+42
17.739999999999903, 2.0545528562726214e+42
17.76999999999991, 2.044017616903518e+42
17.799999999999912, 2.044017616903518e+42
17.829999999999913, 2.044017616903518e+42
17.859999999999914, 2.033482377534423e+42
17.889999999999915, 2.033482377534423e+42
17.919999999999916, 2.033482377534423e+42
17.949999999999918, 2.033482377534423e+42
17.97999999999992, 2.022947138165339e+42
18.009999999999913, 2.022947138165339e+42
18.039999999999914, 2.022947138165339e+42
18.069999999999922, 2.017679518480767e+42
18.099999999999923, 2.0124118987962362e+42
18.129999999999924, 2.0124118987962362e+42
18.159999999999926, 2.0124118987962362e+42
18.189999999999927, 1.9913414200580165e+42
18.219999999999928, 1.9913414200580165e+42
18.24999999999993, 1.9913414200580165e+42
18.27999999999993, 1.9913414200580165e+42
18.30999999999993, 1.980806180688934e+42
18.339999999999925, 1.980806180688934e+42
18.36999999999994, 1.980806180688934e+42
18.399999999999935, 1.970270941319852e+42
18.429999999999936, 1.970270941319852e+42
18.459999999999937, 1.970270941319852e+42
18.489999999999938, 1.970270941319852e+42
18.51999999999994, 1.9597357019507188e+42
18.549999999999947, 1.9597357019507188e+42
18.57999999999994, 1.9597357019507188e+42
18.609999999999935, 1.9492004625816424e+42
18.639999999999937, 1.9492004625816424e+42
18.669999999999938, 1.9492004625816424e+42
18.699999999999946, 1.9492004625816424e+42
18.72999999999994, 1.938665223212526e+42
18.75999999999995, 1.938665223212526e+42
18.789999999999942, 1.938665223212526e+42
18.819999999999943, 1.922862364158906e+42
18.849999999999945, 1.922862364158906e+42
18.879999999999946, 1.922862364158906e+42
18.909999999999947, 1.922862364158906e+42
18.939999999999948, 1.9070595051052414e+42
18.969999999999963, 1.9070595051052414e+42
18.99999999999995, 1.9070595051052414e+42
19.02999999999996, 1.896524265736156e+42
19.059999999999945, 1.896524265736156e+42
19.08999999999996, 1.896524265736156e+42
19.119999999999948, 1.896524265736156e+42
19.14999999999997, 1.8807214066824937e+42
19.179999999999957, 1.8807214066824937e+42
19.209999999999972, 1.8807214066824937e+42
19.239999999999966, 1.8807214066824937e+42
19.269999999999975, 1.8807214066824937e+42
19.29999999999997, 1.8807214066824937e+42
19.329999999999963, 1.8807214066824937e+42
19.35999999999997, 1.87018616731342e+42
19.389999999999958, 1.87018616731342e+42
19.419999999999973, 1.87018616731342e+42
19.449999999999967, 1.8543833082597686e+42
19.47999999999997, 1.8543833082597686e+42
19.50999999999997, 1.8543833082597686e+42
19.539999999999978, 1.8543833082597686e+42
19.56999999999998, 1.838580449206099e+42
19.599999999999987, 1.838580449206099e+42
19.62999999999998, 1.838580449206099e+42
19.65999999999999, 1.828045209836999e+42
19.689999999999984, 1.828045209836999e+42
19.719999999999978, 1.828045209836999e+42
19.749999999999986, 1.828045209836999e+42
19.779999999999987, 1.8175099704678978e+42
19.809999999999988, 1.8175099704678978e+42
19.83999999999999, 1.8175099704678978e+42
19.86999999999999, 1.801707111414267e+42
19.899999999999977, 1.801707111414267e+42
19.929999999999993, 1.801707111414267e+42
19.959999999999987, 1.801707111414267e+42
19.989999999999995, 1.801707111414267e+42
20.01999999999999, 1.801707111414267e+42
20.049999999999983, 1.801707111414267e+42
20.07999999999999, 1.7859042523606382e+42
20.109999999999992, 1.7859042523606382e+42
20.14, 1.7859042523606382e+42
20.169999999999987, 1.7859042523606382e+42
20.200000000000003, 1.7753690129915175e+42
20.230000000000004, 1.7753690129915175e+42
20.260000000000012, 1.7753690129915175e+42
20.290000000000006, 1.7753690129915175e+42
20.320000000000007, 1.7648337736224138e+42
20.349999999999994, 1.7648337736224138e+42
20.38000000000001, 1.7648337736224138e+42
20.410000000000004, 1.7490309145687732e+42
20.440000000000005, 1.7490309145687732e+42
20.470000000000006, 1.7490309145687732e+42
20.500000000000007, 1.7490309145687732e+42
20.530000000000015, 1.7332280555151193e+42
20.560000000000016, 1.7332280555151193e+42
20.590000000000018, 1.7332280555151193e+42
20.62000000000002, 1.7226928161460057e+42
20.650000000000027, 1.7226928161460057e+42
20.68000000000002, 1.7226928161460057e+42
20.71000000000003, 1.7226928161460057e+42
20.740000000000016, 1.7174251964614765e+42
20.77000000000001, 1.7174251964614765e+42
20.800000000000026, 1.7174251964614765e+42
20.830000000000013, 1.712157576776922e+42
20.860000000000028, 1.712157576776922e+42
20.890000000000022, 1.712157576776922e+42
20.920000000000023, 1.712157576776922e+42
20.95000000000003, 1.701622337407848e+42
20.98000000000004, 1.701622337407848e+42
21.010000000000034, 1.701622337407848e+42
21.040000000000042, 1.685819478354183e+42
21.07000000000003, 1.685819478354183e+42
21.100000000000037, 1.685819478354183e+42
21.130000000000038, 1.685819478354183e+42
21.160000000000032, 1.6805518586696288e+42
21.19000000000004, 1.6805518586696288e+42
21.220000000000034, 1.6805518586696288e+42
21.250000000000043, 1.664748999615978e+42
21.280000000000044, 1.664748999615978e+42
21.310000000000052, 1.664748999615978e+42
21.340000000000046, 1.664748999615978e+42
21.370000000000047, 1.6594813799314345e+42
21.40000000000004, 1.6594813799314345e+42
21.43000000000005, 1.6594813799314345e+42
21.460000000000043, 1.6542137602468886e+42
21.49000000000006, 1.6542137602468886e+42
21.520000000000046, 1.6542137602468886e+42
21.550000000000047, 1.6542137602468886e+42
21.580000000000055, 1.6436785208778e+42
21.61000000000005, 1.6436785208778e+42
21.640000000000057, 1.6436785208778e+42
21.67000000000005, 1.6384109011932244e+42
21.700000000000053, 1.6384109011932244e+42
21.730000000000054, 1.6384109011932244e+42
21.760000000000062, 1.6384109011932244e+42
21.79000000000005, 1.6331432815086905e+42
21.820000000000064, 1.6331432815086905e+42
21.85000000000006, 1.6331432815086905e+42
21.880000000000052, 1.6173404224550388e+42
21.910000000000068, 1.6173404224550388e+42
21.940000000000055, 1.6173404224550388e+42
21.97000000000007, 1.6173404224550388e+42
22.00000000000007, 1.612072802770499e+42
22.030000000000072, 1.612072802770499e+42
22.060000000000073, 1.612072802770499e+42
22.09000000000008, 1.6015375634013892e+42
22.120000000000076, 1.6015375634013892e+42
22.150000000000084, 1.6015375634013892e+42
22.180000000000078, 1.6015375634013892e+42
22.21000000000008, 1.59626994371685e+42
22.24000000000008, 1.59626994371685e+42
22.270000000000074, 1.59626994371685e+42
22.300000000000082, 1.5910023240322982e+42
22.330000000000076, 1.5857347043477473e+42
22.360000000000078, 1.5857347043477473e+42
22.39000000000008, 1.5857347043477473e+42
22.42000000000008, 1.5751994649786405e+42
22.45000000000008, 1.5751994649786405e+42
22.480000000000082, 1.5751994649786405e+42
22.510000000000076, 1.5751994649786405e+42
22.540000000000084, 1.5646642256095353e+42
22.570000000000086, 1.5646642256095353e+42
22.600000000000094, 1.5646642256095353e+42
22.630000000000088, 1.5541289862404527e+42
22.660000000000082, 1.5541289862404527e+42
22.690000000000097, 1.5541289862404527e+42
22.720000000000084, 1.5541289862404527e+42
22.7500000000001, 1.54359374687134e+42
22.780000000000094, 1.54359374687134e+42
22.8100000000001, 1.54359374687134e+42
22.840000000000103, 1.538326127186801e+42
22.870000000000104, 1.538326127186801e+42
22.900000000000105, 1.538326127186801e+42
22.930000000000113, 1.538326127186801e+42
22.960000000000115, 1.5330585075022565e+42
22.9900000000001, 1.5330585075022565e+42
23.020000000000117, 1.5330585075022565e+42
23.050000000000097, 1.5172556484485998e+42
23.080000000000105, 1.5172556484485998e+42
23.1100000000001, 1.5172556484485998e+42
23.140000000000114, 1.5172556484485998e+42
23.17000000000011, 1.5067204090794915e+42
23.200000000000124, 1.5067204090794915e+42
23.23000000000011, 1.5067204090794915e+42
23.26000000000012, 1.501452789394972e+42
23.29000000000012, 1.501452789394972e+42
23.320000000000128, 1.501452789394972e+42
23.350000000000122, 1.501452789394972e+42
23.38000000000011, 1.4909175500258722e+42
23.410000000000117, 1.4909175500258722e+42
23.44000000000011, 1.4909175500258722e+42
23.47000000000012, 1.4856499303413102e+42
23.500000000000114, 1.4856499303413102e+42
23.53000000000013, 1.4856499303413102e+42
23.560000000000116, 1.4856499303413102e+42
23.59000000000013, 1.4751146909722254e+42
23.620000000000132, 1.4751146909722254e+42
23.65000000000014, 1.4751146909722254e+42
23.680000000000128, 1.4698470712876665e+42
23.710000000000136, 1.4698470712876665e+42
23.74000000000013, 1.4698470712876665e+42
23.77000000000013, 1.4698470712876665e+42
23.80000000000014, 1.4593118319185656e+42
23.83000000000014, 1.4593118319185656e+42
23.86000000000014, 1.4593118319185656e+42
23.890000000000143, 1.4540442122340224e+42
23.92000000000015, 1.4540442122340224e+42
23.950000000000145, 1.4540442122340224e+42
23.980000000000153, 1.4540442122340224e+42
24.010000000000147, 1.4487765925494802e+42
24.04000000000015, 1.4487765925494802e+42
24.07000000000015, 1.4487765925494802e+42
24.100000000000144, 1.4382413531803688e+42
24.13000000000015, 1.4382413531803688e+42
24.160000000000146, 1.4382413531803688e+42
24.190000000000154, 1.4382413531803688e+42
24.220000000000148, 1.432973733495829e+42
24.250000000000156, 1.432973733495829e+42
24.28000000000015, 1.432973733495829e+42
24.31000000000016, 1.432973733495829e+42
24.34000000000016, 1.427706113811272e+42
24.37000000000016, 1.427706113811272e+42
24.400000000000162, 1.427706113811272e+42
24.43000000000017, 1.4171708744421717e+42
24.460000000000164, 1.4171708744421717e+42
24.490000000000165, 1.4171708744421717e+42
24.520000000000167, 1.4171708744421717e+42
24.550000000000168, 1.4171708744421717e+42
24.58000000000017, 1.4171708744421717e+42
24.61000000000017, 1.4171708744421717e+42
24.640000000000164, 1.4066356350730783e+42
24.670000000000165, 1.4066356350730783e+42
24.700000000000173, 1.4066356350730783e+42
24.730000000000167, 1.4066356350730783e+42
24.760000000000176, 1.4013680153885286e+42
24.790000000000177, 1.4013680153885286e+42
24.82000000000017, 1.4013680153885286e+42
24.850000000000172, 1.396100395703977e+42
24.880000000000173, 1.396100395703977e+42
24.910000000000174, 1.396100395703977e+42
24.940000000000175, 1.396100395703977e+42
24.970000000000184, 1.385565156334879e+42
25.000000000000185, 1.385565156334879e+42
25.030000000000186, 1.385565156334879e+42
25.060000000000173, 1.3802975366503366e+42
25.090000000000188, 1.3802975366503366e+42
25.120000000000175, 1.3802975366503366e+42
25.15000000000019, 1.3802975366503366e+42
25.180000000000184, 1.3750299169657919e+42
25.21000000000018, 1.3750299169657919e+42
25.240000000000187, 1.3750299169657919e+42
25.270000000000188, 1.3644946775966722e+42
25.300000000000196, 1.3644946775966722e+42
25.33000000000019, 1.3644946775966722e+42
25.3600000000002, 1.3644946775966722e+42
25.390000000000185, 1.3592270579121358e+42
25.420000000000194, 1.3592270579121358e+42
25.450000000000195, 1.3592270579121358e+42
25.48000000000021, 1.3486918185430354e+42
25.510000000000204, 1.3486918185430354e+42
25.540000000000212, 1.3486918185430354e+42
25.570000000000206, 1.3486918185430354e+42
25.6000000000002, 1.3434241988584978e+42
25.63000000000021, 1.3434241988584978e+42
25.660000000000203, 1.3434241988584978e+42
25.690000000000204, 1.332888959489385e+42
25.720000000000205, 1.332888959489385e+42
25.750000000000213, 1.332888959489385e+42
25.7800000000002, 1.332888959489385e+42
25.810000000000215, 1.332888959489385e+42
25.840000000000202, 1.332888959489385e+42
25.870000000000218, 1.332888959489385e+42
25.90000000000021, 1.3223537201202815e+42
25.930000000000206, 1.3223537201202815e+42
25.960000000000214, 1.3223537201202815e+42
25.990000000000215, 1.3223537201202815e+42
26.020000000000223, 1.3170861004357346e+42
26.05000000000021, 1.3170861004357346e+42
26.080000000000226, 1.3170861004357346e+42
26.110000000000213, 1.3065508610666316e+42
26.14000000000022, 1.3065508610666316e+42
26.170000000000222, 1.3065508610666316e+42
26.200000000000223, 1.3065508610666316e+42
26.230000000000224, 1.3065508610666316e+42
26.260000000000225, 1.3065508610666316e+42
26.290000000000227, 1.3065508610666316e+42
26.32000000000022, 1.2960156216975493e+42
26.35000000000023, 1.2960156216975493e+42
26.380000000000223, 1.2960156216975493e+42
26.410000000000238, 1.2960156216975493e+42
26.440000000000225, 1.29074800201301e+42
26.470000000000233, 1.29074800201301e+42
26.500000000000234, 1.29074800201301e+42
26.530000000000236, 1.29074800201301e+42
26.560000000000237, 1.29074800201301e+42
26.590000000000238, 1.290748002012989e+42
26.62000000000024, 1.290748002012989e+42
26.650000000000254, 1.2802127626439022e+42
26.68000000000024, 1.2802127626439022e+42
26.710000000000242, 1.2802127626439022e+42
26.740000000000244, 1.2802127626439022e+42
26.770000000000245, 1.2749451429593506e+42
26.800000000000253, 1.2749451429593506e+42
26.830000000000254, 1.2749451429593506e+42
26.860000000000255, 1.2696775232747932e+42
26.89000000000025, 1.2696775232747932e+42
26.920000000000258, 1.2696775232747932e+42
26.95000000000025, 1.2696775232747932e+42
26.98000000000026, 1.2591422839057043e+42
27.01000000000026, 1.2591422839057043e+42
27.040000000000248, 1.2591422839057043e+42
27.070000000000263, 1.2591422839057043e+42
27.10000000000025, 1.2591422839057043e+42
27.130000000000265, 1.2591422839057043e+42
27.16000000000026, 1.2591422839057043e+42
27.190000000000268, 1.248607044536599e+42
27.22000000000026, 1.248607044536599e+42
27.25000000000027, 1.248607044536599e+42
27.280000000000257, 1.248607044536599e+42
27.310000000000272, 1.248607044536599e+42
27.340000000000266, 1.248607044536599e+42
27.370000000000275, 1.248607044536599e+42
27.40000000000027, 1.2433394248520452e+42
27.430000000000263, 1.2433394248520452e+42
27.460000000000278, 1.2433394248520452e+42
27.490000000000272, 1.232804185482965e+42
27.520000000000273, 1.232804185482965e+42
27.550000000000274, 1.232804185482965e+42
27.580000000000275, 1.232804185482965e+42
27.610000000000277, 1.232804185482965e+42
27.640000000000285, 1.232804185482965e+42
27.67000000000028, 1.232804185482965e+42
27.70000000000028, 1.2222689461138404e+42
27.73000000000028, 1.2222689461138404e+42
27.76000000000029, 1.2222689461138404e+42
27.790000000000283, 1.2222689461138404e+42
27.820000000000277, 1.217001326429298e+42
27.850000000000293, 1.217001326429298e+42
27.88000000000028, 1.217001326429298e+42
27.910000000000302, 1.2117337067447531e+42
27.940000000000296, 1.2117337067447531e+42
27.970000000000297, 1.2117337067447531e+42
28.0000000000003, 1.2117337067447531e+42
28.0300000000003, 1.2064660870602022e+42
28.0600000000003, 1.2064660870602022e+42
28.090000000000302, 1.2064660870602022e+42
28.120000000000296, 1.2064660870602022e+42
28.150000000000297, 1.2064660870602022e+42
28.180000000000312, 1.2064660870602022e+42
28.210000000000285, 1.2064660870602022e+42
28.2400000000003, 1.1959308476911175e+42
28.270000000000287, 1.1959308476911175e+42
28.300000000000303, 1.1959308476911175e+42
28.330000000000304, 1.1959308476911175e+42
28.36000000000032, 1.1959308476911175e+42
28.390000000000292, 1.1959308476911175e+42
28.420000000000307, 1.1959308476911175e+42
28.45000000000031, 1.1959308476911175e+42
28.48000000000031, 1.1959308476911175e+42
28.51000000000031, 1.1959308476911175e+42
28.540000000000298, 1.1959308476911175e+42
28.570000000000313, 1.1906632280065591e+42
28.600000000000314, 1.1906632280065591e+42
28.63000000000033, 1.1906632280065591e+42
28.66000000000033, 1.1906632280065591e+42
28.690000000000317, 1.1906632280065591e+42
28.72000000000032, 1.1906632280065591e+42
28.750000000000334, 1.1906632280065591e+42
28.78000000000032, 1.1801279886374697e+42
28.810000000000322, 1.1801279886374697e+42
28.840000000000323, 1.1801279886374697e+42
28.87000000000031, 1.1801279886374697e+42
28.900000000000325, 1.1801279886374697e+42
28.930000000000327, 1.1801279886374697e+42
28.960000000000328, 1.1801279886374697e+42
28.99000000000033, 1.169592749268362e+42
29.020000000000344, 1.169592749268362e+42
29.05000000000033, 1.169592749268362e+42
29.080000000000332, 1.169592749268362e+42
29.110000000000333, 1.169592749268362e+42
29.140000000000335, 1.169592749268362e+42
29.170000000000336, 1.169592749268362e+42
29.20000000000035, 1.169592749268362e+42
29.230000000000338, 1.169592749268362e+42
29.26000000000034, 1.169592749268362e+42
29.290000000000354, 1.1590575098992558e+42
29.32000000000034, 1.1590575098992558e+42
29.350000000000342, 1.1590575098992558e+42
29.380000000000344, 1.1590575098992558e+42
29.41000000000036, 1.1590575098992558e+42
29.44000000000036, 1.1590575098992558e+42
29.470000000000347, 1.1590575098992558e+42
29.500000000000348, 1.1537898902147179e+42
29.530000000000364, 1.1537898902147179e+42
29.560000000000365, 1.1537898902147179e+42
29.59000000000035, 1.1537898902147179e+42
29.620000000000353, 1.1537898902147179e+42
29.650000000000354, 1.1537898902147179e+42
29.68000000000037, 1.1537898902147179e+42
29.710000000000356, 1.1485222705301643e+42
29.740000000000357, 1.1485222705301643e+42
29.770000000000344, 1.1485222705301643e+42
29.80000000000036, 1.1485222705301643e+42
29.83000000000036, 1.1485222705301643e+42
29.860000000000376, 1.1485222705301643e+42
29.89000000000035, 1.1485222705301643e+42
29.920000000000364, 1.1379870311610591e+42
29.950000000000365, 1.1379870311610591e+42
29.980000000000366, 1.1379870311610591e+42
30.010000000000367, 1.1379870311610591e+42
30.04000000000037, 1.1379870311610591e+42
30.07000000000037, 1.1379870311610591e+42
30.100000000000357, 1.1379870311610591e+42
30.130000000000372, 1.1327194114765282e+42
30.160000000000373, 1.1327194114765282e+42
30.19000000000039, 1.1327194114765098e+42
30.220000000000375, 1.1327194114765098e+42
30.25000000000039, 1.1274517917919819e+42
30.280000000000378, 1.1274517917919819e+42
30.31000000000038, 1.1274517917919819e+42
30.34000000000038, 1.1274517917919819e+42
30.370000000000367, 1.1169165524228787e+42
30.400000000000382, 1.1169165524228787e+42
30.430000000000383, 1.1169165524228787e+42
30.460000000000385, 1.1169165524228787e+42
30.490000000000386, 1.1169165524228787e+42
30.520000000000387, 1.1169165524228787e+42
30.550000000000388, 1.1169165524228787e+42
30.58000000000039, 1.1116489327383356e+42
30.61000000000039, 1.1116489327383356e+42
30.640000000000406, 1.1116489327383356e+42
30.67000000000038, 1.1116489327383356e+42
30.700000000000394, 1.1116489327383356e+42
30.730000000000395, 1.1116489327383356e+42
30.760000000000396, 1.1116489327383356e+42
30.790000000000397, 1.1063813130537827e+42
30.820000000000398, 1.1063813130537827e+42
30.8500000000004, 1.1063813130537827e+42
30.8800000000004, 1.095846073684666e+42
30.910000000000416, 1.095846073684684e+42
30.940000000000417, 1.095846073684684e+42
30.970000000000404, 1.095846073684684e+42
31.000000000000405, 1.095846073684684e+42
31.03000000000042, 1.095846073684684e+42
31.060000000000407, 1.095846073684666e+42
31.09000000000041, 1.0853108343155735e+42
31.12000000000041, 1.0853108343155735e+42
31.15000000000041, 1.0853108343155735e+42
31.180000000000426, 1.0853108343155735e+42
31.2100000000004, 1.0800432146310317e+42
31.240000000000414, 1.0800432146310317e+42
31.270000000000415, 1.0800432146310317e+42
31.30000000000043, 1.0747755949464673e+42
31.330000000000418, 1.0747755949464673e+42
31.36000000000042, 1.0747755949464848e+42
31.39000000000042, 1.0747755949464848e+42
31.420000000000435, 1.0747755949464848e+42
31.450000000000436, 1.0747755949464848e+42
31.48000000000041, 1.0747755949464848e+42
31.510000000000424, 1.0747755949464673e+42
31.540000000000425, 1.0747755949464673e+42
31.57000000000044, 1.0747755949464673e+42
31.600000000000428, 1.0747755949464848e+42
31.630000000000443, 1.0642403555773683e+42
31.66000000000043, 1.0642403555773683e+42
31.69000000000043, 1.0642403555773683e+42
31.720000000000432, 1.0589727358928354e+42
31.750000000000448, 1.058972735892818e+42
31.780000000000435, 1.058972735892818e+42
31.810000000000436, 1.0589727358928354e+42
31.840000000000437, 1.0537051162082905e+42
31.870000000000438, 1.0537051162082905e+42
31.900000000000453, 1.0537051162082905e+42
31.93000000000044, 1.0484374965237407e+42
31.960000000000456, 1.0484374965237407e+42
31.990000000000443, 1.0484374965237407e+42
32.02000000000046, 1.0484374965237407e+42
32.050000000000445, 1.0431698768391955e+42
32.080000000000446, 1.0431698768391955e+42
32.11000000000045, 1.0431698768391955e+42
32.14000000000046, 1.0431698768391955e+42
32.170000000000464, 1.0431698768391955e+42
32.200000000000436, 1.0431698768391955e+42
32.23000000000045, 1.0431698768391955e+42
32.26000000000044, 1.0379022571546431e+42
32.290000000000454, 1.0379022571546431e+42
32.320000000000455, 1.0379022571546431e+42
32.350000000000456, 1.0379022571546431e+42
32.38000000000044, 1.0326346374700937e+42
32.41000000000046, 1.0326346374700937e+42
32.44000000000046, 1.0326346374700937e+42
32.47000000000046, 1.0220993981009839e+42
32.50000000000046, 1.0220993981009839e+42
32.53000000000046, 1.0220993981009839e+42
32.560000000000464, 1.0220993981009839e+42
32.59000000000045, 1.0220993981009839e+42
32.620000000000466, 1.0220993981009839e+42
32.65000000000047, 1.0220993981009839e+42
32.68000000000048, 1.0168317784164338e+42
32.710000000000456, 1.0168317784164338e+42
32.74000000000047, 1.0168317784164338e+42
32.77000000000047, 1.0168317784164338e+42
32.80000000000047, 1.0115641587318917e+42
32.830000000000474, 1.0115641587318917e+42
32.86000000000049, 1.0115641587318751e+42
32.89000000000049, 1.0062965390473301e+42
32.92000000000049, 1.0062965390473301e+42
32.95000000000049, 1.0062965390473301e+42
32.98000000000048, 1.0062965390473301e+42
33.010000000000495, 1.0010289193627761e+42
33.0400000000005, 1.0010289193627761e+42
33.07000000000048, 1.0010289193627761e+42
33.100000000000485, 9.957612996782405e+41
33.130000000000486, 9.957612996782405e+41
33.16000000000049, 9.957612996782405e+41
33.19000000000049, 9.957612996782405e+41
33.22000000000049, 9.957612996782405e+41
33.250000000000504, 9.957612996782405e+41
33.28000000000049, 9.957612996782405e+41
33.31000000000049, 9.904936799936972e+41
33.340000000000494, 9.904936799936972e+41
33.37000000000048, 9.904936799936972e+41
33.400000000000496, 9.904936799936972e+41
33.4300000000005, 9.904936799936972e+41
33.46000000000051, 9.904936799936972e+41
33.490000000000485, 9.904936799936972e+41
33.5200000000005, 9.8522606030914e+41
33.5500000000005, 9.8522606030914e+41
33.58000000000052, 9.8522606030914e+41
33.610000000000504, 9.8522606030914e+41
33.64000000000052, 9.79958440624602e+41
33.67000000000052, 9.79958440624602e+41
33.70000000000049, 9.79958440624602e+41
33.73000000000051, 9.79958440624602e+41
33.76000000000051, 9.79958440624602e+41
33.79000000000051, 9.79958440624602e+41
33.82000000000051, 9.79958440624602e+41
33.85000000000051, 9.74690820940048e+41
33.880000000000514, 9.74690820940048e+41
33.910000000000515, 9.74690820940048e+41
33.940000000000516, 9.694232012554964e+41
33.97000000000053, 9.694232012554964e+41
34.00000000000052, 9.694232012554964e+41
34.03000000000052, 9.694232012554964e+41
34.06000000000052, 9.694232012554964e+41
34.09000000000052, 9.694232012554964e+41
34.12000000000054, 9.694232012554964e+41
34.150000000000524, 9.641555815709492e+41
34.18000000000054, 9.641555815709492e+41
34.21000000000054, 9.641555815709492e+41
34.24000000000053, 9.641555815709492e+41
34.27000000000053, 9.588879618863994e+41
34.300000000000544, 9.588879618863994e+41
34.33000000000053, 9.588879618863994e+41
34.36000000000053, 9.588879618863994e+41
34.39000000000053, 9.588879618863994e+41
34.420000000000535, 9.588879618863994e+41
34.450000000000536, 9.588879618863994e+41
34.48000000000054, 9.536203422018511e+41
34.51000000000055, 9.536203422018511e+41
34.54000000000054, 9.536203422018511e+41
34.57000000000054, 9.536203422018511e+41
34.60000000000054, 9.536203422018511e+41
34.63000000000056, 9.536203422018511e+41
34.66000000000056, 9.536203422018511e+41
34.690000000000545, 9.430851028327555e+41
34.720000000000546, 9.430851028327555e+41
34.75000000000056, 9.430851028327555e+41
34.78000000000055, 9.430851028327555e+41
34.81000000000055, 9.430851028327555e+41
34.84000000000055, 9.430851028327555e+41
34.87000000000055, 9.430851028327555e+41
34.90000000000055, 9.378174831482049e+41
34.93000000000054, 9.378174831482049e+41
34.960000000000555, 9.378174831482049e+41
34.990000000000556, 9.378174831482049e+41
35.02000000000057, 9.378174831482049e+41
35.050000000000544, 9.378174831482049e+41
35.08000000000056, 9.378174831482049e+41
35.11000000000056, 9.325498634636563e+41
35.14000000000056, 9.325498634636563e+41
35.17000000000058, 9.325498634636563e+41
35.200000000000564, 9.325498634636563e+41
35.230000000000565, 9.325498634636563e+41
35.260000000000566, 9.325498634636563e+41
35.29000000000058, 9.325498634636563e+41
35.32000000000057, 9.220146240945553e+41
35.35000000000057, 9.220146240945553e+41
35.38000000000057, 9.220146240945553e+41
35.410000000000586, 9.220146240945553e+41
35.44000000000059, 9.220146240945553e+41
35.470000000000574, 9.220146240945553e+41
35.500000000000576, 9.220146240945553e+41
35.53000000000056, 9.167470044100087e+41
35.56000000000058, 9.167470044100087e+41
35.59000000000058, 9.167470044100087e+41
35.62000000000058, 9.167470044100087e+41
35.65000000000058, 9.167470044100087e+41
35.68000000000058, 9.167470044100087e+41
35.71000000000058, 9.167470044100087e+41
35.7400000000006, 9.114793847254544e+41
35.7700000000006, 9.114793847254544e+41
35.80000000000059, 9.114793847254544e+41
35.83000000000059, 9.114793847254544e+41
35.8600000000006, 9.114793847254544e+41
35.89000000000059, 9.114793847254544e+41
35.92000000000059, 9.114793847254544e+41
35.95000000000059, 9.062117650409063e+41
35.980000000000594, 9.062117650409063e+41
36.010000000000595, 9.062117650409063e+41
36.040000000000596, 9.062117650409063e+41
36.07000000000061, 9.062117650409063e+41
36.1000000000006, 9.062117650409063e+41
36.1300000000006, 9.062117650409063e+41
36.1600000000006, 8.956765256718107e+41
36.1900000000006, 8.956765256718107e+41
36.2200000000006, 8.956765256718107e+41
36.250000000000604, 8.956765256718107e+41
36.28000000000062, 8.956765256718107e+41
36.310000000000606, 8.956765256718107e+41
36.34000000000061, 8.956765256718107e+41
36.37000000000061, 8.956765256718107e+41
36.40000000000061, 8.9040890598726e+41
36.4300000000006, 8.9040890598726e+41
36.46000000000061, 8.9040890598726e+41
36.49000000000061, 8.9040890598726e+41
36.520000000000614, 8.9040890598726e+41
36.550000000000615, 8.9040890598726e+41
36.58000000000062, 8.9040890598726e+41
36.61000000000062, 8.851412863027004e+41
36.64000000000062, 8.851412863027004e+41
36.670000000000634, 8.851412863027004e+41
36.70000000000062, 8.851412863027004e+41
36.73000000000062, 8.851412863027004e+41
36.76000000000062, 8.851412863027004e+41
36.79000000000064, 8.851412863027004e+41
36.82000000000064, 8.851412863027004e+41
36.85000000000063, 8.851412863027004e+41
36.88000000000063, 8.851412863027004e+41
36.91000000000063, 8.798736666181557e+41
36.94000000000063, 8.798736666181557e+41
36.97000000000063, 8.798736666181557e+41
37.00000000000063, 8.798736666181557e+41
37.03000000000062, 8.798736666181557e+41
37.060000000000635, 8.798736666181557e+41
37.09000000000062, 8.798736666181557e+41
37.12000000000064, 8.693384272490571e+41
37.15000000000064, 8.693384272490571e+41
37.18000000000065, 8.693384272490571e+41
37.210000000000626, 8.693384272490571e+41
37.24000000000064, 8.693384272490571e+41
37.27000000000064, 8.693384272490571e+41
37.30000000000066, 8.693384272490571e+41
37.330000000000645, 8.640708075645098e+41
37.36000000000063, 8.640708075645098e+41
37.39000000000065, 8.640708075645098e+41
37.42000000000065, 8.640708075645098e+41
37.45000000000065, 8.640708075645098e+41
37.48000000000065, 8.640708075645098e+41
37.51000000000065, 8.640708075645098e+41
37.54000000000065, 8.640708075645098e+41
37.570000000000654, 8.640708075645098e+41
37.600000000000655, 8.640708075645098e+41
37.63000000000067, 8.640708075645098e+41
37.66000000000066, 8.5880318787997e+41
37.69000000000067, 8.5880318787997e+41
37.720000000000674, 8.5880318787997e+41
37.75000000000065, 8.5880318787997e+41
37.78000000000066, 8.5880318787997e+41
37.81000000000066, 8.58803187879956e+41
37.84000000000068, 8.58803187879956e+41
37.87000000000065, 8.535355681954099e+41
37.90000000000067, 8.535355681954099e+41
37.93000000000067, 8.535355681954099e+41
37.96000000000067, 8.535355681954099e+41
37.990000000000656, 8.535355681954099e+41
38.02000000000067, 8.535355681954099e+41
38.05000000000067, 8.535355681954099e+41
38.08000000000067, 8.535355681954099e+41
38.11000000000066, 8.535355681954099e+41
38.14000000000066, 8.535355681954099e+41
38.17000000000068, 8.535355681954099e+41
38.20000000000068, 8.482679485108583e+41
38.23000000000068, 8.482679485108583e+41
38.26000000000068, 8.482679485108583e+41
38.290000000000695, 8.377327091417641e+41
38.32000000000068, 8.377327091417641e+41
38.35000000000068, 8.377327091417641e+41
38.380000000000685, 8.377327091417641e+41
38.4100000000007, 8.32465089457222e+41
38.44000000000069, 8.32465089457222e+41
38.470000000000674, 8.32465089457222e+41
38.50000000000069, 8.32465089457222e+41
38.53000000000069, 8.32465089457222e+41
38.560000000000706, 8.32465089457222e+41
38.59000000000068, 8.32465089457222e+41
38.62000000000071, 8.271974697726634e+41
38.650000000000695, 8.271974697726634e+41
38.680000000000696, 8.271974697726634e+41
38.71000000000071, 8.21929850088115e+41
38.7400000000007, 8.21929850088115e+41
38.7700000000007, 8.21929850088115e+41
38.800000000000715, 8.21929850088115e+41
38.8300000000007, 8.21929850088115e+41
38.8600000000007, 8.21929850088115e+41
38.890000000000704, 8.21929850088115e+41
38.920000000000705, 8.166622304035684e+41
38.950000000000706, 8.166622304035684e+41
38.98000000000069, 8.166622304035684e+41
39.01000000000071, 8.166622304035684e+41
39.04000000000071, 8.166622304035684e+41
39.07000000000071, 8.166622304035684e+41
39.10000000000071, 8.166622304035684e+41
39.13000000000071, 8.061269910344685e+41
39.160000000000714, 8.061269910344685e+41
39.1900000000007, 8.061269910344685e+41
39.22000000000072, 8.061269910344685e+41
39.25000000000072, 8.061269910344685e+41
39.280000000000705, 8.061269910344685e+41
39.310000000000706, 8.061269910344685e+41
39.34000000000072, 8.061269910344685e+41
39.37000000000072, 8.061269910344685e+41
39.40000000000072, 8.061269910344685e+41
39.43000000000071, 8.061269910344685e+41
39.460000000000726, 8.00859371349928e+41
39.49000000000073, 8.00859371349928e+41
39.52000000000073, 8.00859371349928e+41
39.55000000000073, 7.955917516653724e+41
39.58000000000073, 7.955917516653724e+41
39.61000000000073, 7.955917516653724e+41
39.64000000000072, 7.955917516653724e+41
39.670000000000734, 7.903241319808237e+41
39.700000000000735, 7.903241319808237e+41
39.730000000000736, 7.903241319808237e+41
39.76000000000074, 7.903241319808237e+41
39.79000000000074, 7.903241319808237e+41
39.820000000000725, 7.903241319808237e+41
39.85000000000074, 7.903241319808237e+41
39.88000000000074, 7.850565122962788e+41
39.91000000000076, 7.850565122962788e+41
39.94000000000073, 7.850565122962788e+41
39.97000000000073, 7.850565122962788e+41
